batch_idx,iter,reward,baseline,r_calib,r_sharp,r_llm,kl,pg_loss,total_loss
0,0,0.26204028725624084,0.013102014362812053,0.4307268559932709,1.395621657371521,0.5,0.0,109.6586685180664,109.6586685180664
0,1,0.46995559334754944,0.03594469331204894,0.6439499855041504,1.4133142232894897,0.5,5.490875309988041e-09,184.38343811035156,184.38343811035156
0,2,0.22651821374893188,0.04547336933389309,0.5112460851669312,1.7824259996414185,0.5,7.2011516749626026e-09,79.2498779296875,79.2498779296875
0,3,-0.05784545838832855,0.040307427947782005,0.10987091064453125,1.3923877477645874,0.5,3.6054146335118276e-08,-56.85204315185547,-56.85204315185547
0,4,0.3014518618583679,0.053364649643311314,0.534355103969574,1.6096775531768799,0.5,5.063353114564961e-08,101.38776397705078,101.38776397705078
0,5,0.1002054214477539,0.05570668823353345,0.33937954902648926,1.6305803060531616,0.5,4.1163044528502724e-08,21.07506561279297,21.07506561279297
0,6,0.09833337366580963,0.05783802250514726,0.2463212013244629,1.3266260623931885,0.5,5.97609215446937e-08,16.930912017822266,16.930912017822266
0,7,0.4422711730003357,0.07705968002990671,0.7208884358406067,1.7620574235916138,0.5,6.089182136292948e-08,158.95884704589844,158.95884704589844
0,8,0.17116276919841766,0.08176483448833226,0.36639124155044556,1.4840948581695557,0.5,2.6136996211789665e-07,25.856504440307617,25.856504440307617
0,9,0.2016240954399109,0.0877577975359112,0.5086032748222351,1.8565971851348877,0.5,3.960871453045911e-08,52.59852981567383,52.59852981567383
0,10,0.23802275955677032,0.09527104563695417,0.4770001173019409,1.6299245357513428,0.5,2.7616525244411605e-07,59.635379791259766,59.635379791259766
0,11,0.5125812292098999,0.11613655481560148,0.6932397484779358,1.4355283975601196,0.5,4.1361937519468484e-07,164.54396057128906,164.54396057128906
0,12,0.19975587725639343,0.12031752093764109,0.39416924118995667,1.4813777208328247,0.5,4.227414081015013e-07,30.921100616455078,30.921100616455078
0,13,0.16677074134349823,0.12264018195793394,0.3902754783630371,1.5783491134643555,0.5,2.063186173018039e-07,13.623063087463379,13.623063087463379
0,14,0.21874672174453735,0.1274455089472641,0.4771209955215454,1.6945809125900269,0.5,3.1720816195957013e-07,41.14995574951172,41.14995574951172
0,15,0.03846222907304764,0.12299634495355329,0.28841152787208557,1.6664975881576538,0.5,4.7291851501540805e-07,-16.216745376586914,-16.216745376586914
0,16,0.125098317861557,0.12310144359895347,0.38705864548683167,1.7065343856811523,0.5,1.8548735170043074e-07,-17.36640167236328,-17.36640167236328
0,17,0.15695756673812866,0.12479424975591223,0.3673902750015259,1.534775733947754,0.5,6.114356096986739e-07,-1.2738237380981445,-1.273823618888855
0,18,0.4909348785877228,0.14310128119750276,0.7016009092330933,1.535553216934204,0.5,4.857147359871306e-07,151.50686645507812,151.50686645507812
0,19,0.1540973037481308,0.14365108232503415,0.41917383670806885,1.7169218063354492,0.5,4.2661156385293e-07,-3.8224143981933594,-3.8224143981933594
0,20,0.5277738571166992,0.16285722106461742,0.6463020443916321,1.228427529335022,0.5,2.012166305576102e-06,142.06063842773438,142.06063842773438
0,21,0.35110193490982056,0.1722694567568776,0.5323877334594727,1.4376192092895508,0.5,1.6733347365516238e-06,77.465087890625,77.465087890625
0,22,0.4813796877861023,0.18772496830833885,0.604538083076477,1.243861198425293,0.5,1.7096446072173421e-06,123.62208557128906,123.62208557128906
0,23,0.3722614645957947,0.19695179312271163,0.5983822345733643,1.5870692729949951,0.5,7.444532457157038e-07,71.87926483154297,71.87926483154297
0,24,0.29395291209220886,0.2018018490711865,0.5881257057189941,1.8139094114303589,0.5,5.874291559848643e-07,32.89061737060547,32.89061737060547
0,25,0.5156242847442627,0.21749297085484035,0.744388222694397,1.5958795547485352,0.5,1.3624623989016982e-06,126.20777893066406,126.20777893066406
0,26,0.34956085681915283,0.22409636515305598,0.6648553013801575,1.8843145370483398,0.5,6.221868034117506e-07,59.7179069519043,59.7179069519043
0,27,0.5073577165603638,0.23825943272342137,0.7411906719207764,1.6127766370773315,0.5,1.1051840829168214e-06,124.86872863769531,124.86872863769531
0,28,0.01765122264623642,0.22722902221956212,0.28433871269226074,1.7222917079925537,0.5,1.1581778380787e-06,-77.20855712890625,-77.20855712890625
0,29,0.1594749540090561,0.22384131880903682,0.38547295331954956,1.5866600275039673,0.5,2.167078719139681e-06,-30.37828254699707,-30.37828254699707
1,0,-0.48802894353866577,-0.02440144717693331,-0.3958219587802887,1.1406899690628052,0.5,0.0,-157.80889892578125,-157.80889892578125
1,1,0.001353152096271515,-0.023113717213273068,0.1621871441602707,1.3694465160369873,0.5,1.5091426996960422e-09,5.739356994628906,5.739356994628906
1,2,-0.027587145566940308,-0.02333738863095643,0.07105429470539093,1.1621379852294922,0.5,4.6855024748992946e-08,20.736560821533203,20.736560821533203
1,3,0.2570801079273224,-0.009316513803042476,0.35843583941459656,1.1711856126785278,0.5,2.4034109813442228e-08,117.53894805908203,117.53894805908203
1,4,0.06321359425783157,-0.005690008399998771,0.22306808829307556,1.366181492805481,0.5,3.798302827817679e-08,43.62492752075195,43.62492752075195
1,5,0.3050867021083832,0.00984882712542034,0.5205492973327637,1.551541805267334,0.5,3.3931733867120784e-08,142.7296600341797,142.7296600341797
1,6,0.11705918610095978,0.015209345074197318,0.25356248021125793,1.2883442640304565,0.5,2.4477921556353976e-07,52.9413948059082,52.9413948059082
1,7,-0.3561690151691437,-0.0033595729379697487,-0.1534814089536667,1.5089586973190308,0.5,3.051792987207591e-07,-119.89312744140625,-119.89312744140625
1,8,-0.24989645183086395,-0.01568641688261447,-0.1285592019557953,1.2377907037734985,0.5,1.7715638023219071e-07,-85.68861389160156,-85.68861389160156
1,9,-0.009113065898418427,-0.015357749333404667,0.1020551323890686,1.203894019126892,0.5,2.621780481604219e-07,11.748031616210938,11.748031616210938
1,10,0.2452915459871292,-0.0023252845673779627,0.405918687582016,1.368756890296936,0.5,3.339719398809393e-07,133.46527099609375,133.46527099609375
1,11,0.05898776650428772,0.000740367986205324,0.09693015366792679,0.9598079323768616,0.5,1.0100782219524262e-06,66.51058959960938,66.51058959960938
1,12,0.08086289465427399,0.004746494319608761,0.20210683345794678,1.2374796867370605,0.5,6.945887207621126e-07,52.98605728149414,52.98605728149414
1,13,0.019663460552692413,0.005492342631262945,0.07988530397415161,1.034072756767273,0.5,9.196654104925983e-07,9.48446273803711,9.48446273803711
1,14,-0.1385716050863266,-0.001710854754616539,-0.035562388598918915,1.1766973733901978,0.5,9.779136007637135e-07,-43.3481330871582,-43.3481330871582
1,15,-0.18820135295391083,-0.011035379664581261,-0.14016887545585632,0.9934415817260742,0.5,2.0186384972475935e-06,-44.58686065673828,-44.58686065673828
1,16,0.124958336353302,-0.004235693863687092,0.2911323010921478,1.3872464895248413,0.5,1.905144586089591e-06,93.40766906738281,93.40766906738281
1,17,-0.42974087595939636,-0.025510952968472573,-0.3833903968334198,0.9878350496292114,0.5,3.957410626753699e-06,-143.10169982910156,-143.10169982910156
1,18,0.16914427280426025,-0.015778191679835924,0.24580121040344238,1.0888564586639404,0.5,3.3012240692187333e-06,100.28329467773438,100.28329467773438
1,19,0.09134814143180847,-0.0104218750242537,0.3322925567626953,1.6364814043045044,0.5,2.3569261884404114e-06,74.49363708496094,74.49363708496094
1,20,-0.3356857895851135,-0.026685070752296706,-0.14528346061706543,1.4680076837539673,0.5,5.769583140136092e-07,-136.61216735839844,-136.61216735839844
1,21,0.1608155071735382,-0.017310041856004953,0.31463319063186646,1.3460588455200195,0.5,1.3908852452004794e-06,98.89703369140625,98.89703369140625
1,22,0.010053187608718872,-0.01594188038276876,0.17526103556156158,1.384026050567627,0.5,1.7105119241023203e-06,24.768722534179688,24.768722534179688
1,23,-0.5625787973403931,-0.04327372623065,-0.590986430644989,0.7386409640312195,0.5,1.010308915283531e-05,-174.36544799804688,-174.36544799804688
1,24,-0.1368212103843689,-0.04795110043833595,-0.018299400806427002,1.2284060716629028,0.5,3.823373390332563e-06,-11.073944091796875,-11.073944091796875
1,25,-0.25060465931892395,-0.05808377838236536,-0.14385001361370087,1.1891820430755615,0.5,6.602972462133039e-06,-66.27334594726562,-66.27334594726562
1,26,-0.6787585020065308,-0.08911751456357365,-0.6640258431434631,0.8824422955513,0.5,1.1639334843493998e-05,-191.63095092773438,-191.63095092773438
1,27,-0.12072691321372986,-0.09069798449608148,0.04611385613679886,1.3894691467285156,0.5,5.592706656898372e-06,4.3551788330078125,4.355179309844971
1,28,0.06404531747102737,-0.08296081939772604,0.23645474016666412,1.4080313444137573,0.5,7.714560865679232e-07,62.6763801574707,62.6763801574707
1,29,-0.16427353024482727,-0.0870264549400811,-0.031894758343696594,1.2745957374572754,0.5,7.64730339142261e-06,-17.191734313964844,-17.191734313964844
2,0,0.17424583435058594,0.008712291717529304,0.20064494013786316,0.9213303327560425,0.5,0.0,39.54783630371094,39.54783630371094
2,1,0.20872780680656433,0.018713067471981065,0.38279691338539124,1.4135637283325195,0.5,3.7219893833650985e-09,82.8338394165039,82.8338394165039
2,2,0.17200487852096558,0.0263776580244303,0.28009265661239624,1.193626046180725,0.5,1.3494293682470015e-08,26.7962589263916,26.7962589263916
2,3,-0.11709204316139221,0.01920417296513917,-0.008085779845714569,1.1966874599456787,0.5,5.2674643313821434e-08,-31.315702438354492,-31.315702438354492
2,4,-0.12776502966880798,0.011855712833441804,0.004764631390571594,1.2750989198684692,0.5,5.1362821551492743e-08,-62.23924255371094,-62.23924255371094
2,5,-0.5407664775848389,-0.015775396687472253,-0.3108866810798645,1.5995992422103882,0.5,1.2738537691348029e-07,-191.7825927734375,-191.7825927734375
2,6,-0.08989392966032028,-0.01948132333611466,0.34886685013771057,2.2958691120147705,0.5,1.634718955756398e-07,-15.549304962158203,-15.549304962158203
2,7,-0.5716732740402222,-0.04709092087132006,-0.4596807360649109,1.206641674041748,0.5,3.128684227249323e-07,-145.87350463867188,-145.87350463867188
2,8,0.14321309328079224,-0.03757572016371444,0.16772598028182983,0.9150428771972656,0.5,3.481904400359781e-07,8.104869842529297,8.104869842529297
2,9,-0.2430674433708191,-0.04785030632406968,0.05270981043577194,1.8192572593688965,0.5,4.1535327000019606e-07,-98.00372314453125,-98.00372314453125
2,10,-0.26188933849334717,-0.05855225793253357,-0.09494835138320923,1.389803171157837,0.5,4.887326667812886e-07,-45.798187255859375,-45.798187255859375
2,11,0.013032183051109314,-0.05497303588335142,0.08911001682281494,1.0869261026382446,0.5,6.543007202708395e-07,36.440467834472656,36.440467834472656
2,12,0.073371022939682,-0.04855583294219974,0.29602310061454773,1.5755070447921753,0.5,4.4830210299551254e-07,54.91777420043945,54.91777420043945
2,13,-0.36845189332962036,-0.06455063596157079,-0.3349657356739044,0.944953978061676,0.5,6.168291406538629e-07,-177.7790069580078,-177.7790069580078
2,14,-0.654495358467102,-0.09404787208684738,-0.4910532236099243,1.3781406879425049,0.5,7.133064059416938e-07,-242.00880432128906,-242.00880432128906
2,15,-0.007036387920379639,-0.089697297878524,0.21285977959632874,1.5663204193115234,0.5,8.208083954741596e-07,21.22022247314453,21.22022247314453
2,16,0.19607916474342346,-0.07540847474742661,0.3569827079772949,1.3696783781051636,0.5,5.734564112458429e-08,76.77851867675781,76.77851867675781
2,17,-0.5832622051239014,-0.10080116126625037,-0.3098411560058594,1.744736671447754,0.5,1.6822451698317309e-06,-203.24032592773438,-203.24032592773438
2,18,-1.5538679361343384,-0.17345450000965484,-1.1526401042938232,2.1707592010498047,0.5,7.180730676736857e-07,-432.2810974121094,-432.2810974121094
2,19,-0.18112988770008087,-0.17383826939417615,-0.09893088787794113,1.1073299646377563,0.5,1.8337764231546316e-06,-8.266342163085938,-8.266342163085938
2,20,-0.2507990300655365,-0.17768630742774416,-0.07252772152423859,1.4275710582733154,0.5,6.897637945257884e-07,36.38386917114258,36.38386917114258
2,21,-0.04023381322622299,-0.1708136827176681,0.19322624802589417,1.6115334033966064,0.5,7.252083946696075e-07,84.90089416503906,84.90089416503906
2,22,0.21511408686637878,-0.15151729423846574,0.37294742465019226,1.359444260597229,0.5,9.824206017583492e-07,147.22915649414062,147.22915649414062
2,23,0.12231374531984329,-0.13782574226055028,0.25120213627815247,1.2629612684249878,0.5,7.52868288600439e-07,142.53475952148438,142.53475952148438
2,24,-0.673585057258606,-0.16461370801045308,-0.150963693857193,2.575404405593872,0.5,1.1125862329208758e-06,-269.7666931152344,-269.7666931152344
2,25,-0.08575746417045593,-0.16067089581845323,0.030067764222621918,1.2194174528121948,0.5,1.1904479606528184e-06,-76.45977020263672,-76.45977020263672
2,26,0.3521971106529236,-0.13502749549488438,0.5339182615280151,1.4390705823898315,0.5,7.899139973233105e-07,230.58551025390625,230.58551025390625
2,27,0.3416440188884735,-0.11119391977571647,0.4395595192909241,1.15971839427948,0.5,6.5780852764874e-07,171.28387451171875,171.28387451171875
2,28,-0.8171349763870239,-0.14649097260628186,-0.5906763076782227,1.5881953239440918,0.5,2.070507207463379e-06,-135.80870056152344,-135.80870056152344
2,29,-0.24947863817214966,-0.15164035588457525,0.0033939406275749207,1.6762418746948242,0.5,1.4506729257846018e-06,-8.544509887695312,-8.544509887695312
3,0,-0.24488024413585663,-0.012244012206792842,-0.014682784676551819,1.6006582975387573,0.5,0.0,0.7423934936523438,0.7423934936523438
3,1,-0.4470842778682709,-0.03398602548986676,-0.168669193983078,1.7613835334777832,0.5,-1.9102495141254394e-09,-98.23689270019531,-98.23689270019531
3,2,-0.9099403619766235,-0.07778374231420464,-0.5753390789031982,1.9486703872680664,0.5,9.784480781149796e-09,-202.6111297607422,-202.6111297607422
3,3,-0.557824432849884,-0.10178577684098863,-0.3005916476249695,1.690775752067566,0.5,2.2044574166102393e-08,-75.56008911132812,-75.56008911132812
3,4,-0.40511688590049744,-0.11695233229396408,-0.11074113845825195,1.8145856857299805,0.5,4.004485276709602e-08,-85.21143341064453,-85.21143341064453
3,5,-0.07111765444278717,-0.11466059840140523,0.20130032300949097,1.7413930892944336,0.5,5.8755844634106325e-08,31.260250091552734,31.260250091552734
3,6,-0.8658541440963745,-0.15222027568615373,-0.5520710945129395,1.8792766332626343,0.5,2.5701339723127603e-07,-186.32241821289062,-186.32241821289062
3,7,-0.5427451133728027,-0.1717465175704862,-0.3241465091705322,1.561995506286621,0.5,1.6515656398041756e-07,-69.695068359375,-69.695068359375
3,8,-0.2951277494430542,-0.1779155791641146,-0.050829436630010605,1.6476612091064453,0.5,2.5942671300072107e-07,-33.431434631347656,-33.431434631347656
3,9,-0.4962014853954315,-0.19382987447568048,-0.32726335525512695,1.3964605331420898,0.5,1.7479302982792433e-07,-47.17485809326172,-47.17485809326172
3,10,-0.7111056447029114,-0.21969366298704204,-0.4050939083099365,1.8533722162246704,0.5,1.4308731977052958e-07,-73.5416030883789,-73.5416030883789
3,11,0.19844934344291687,-0.1987865126655441,0.37820813059806824,1.4325292110443115,0.5,4.3223485590715427e-07,120.03099060058594,120.03099060058594
3,12,-0.7479215860366821,-0.22624326633410102,-0.38359153270721436,2.04776668548584,0.5,2.0529766686649964e-07,-106.60118865966797,-106.60118865966797
3,13,-0.6043016314506531,-0.24514618458992865,-0.25721222162246704,1.990297794342041,0.5,3.41861181141212e-07,-81.73992919921875,-81.73992919921875
3,14,-0.47270357608795166,-0.2565240541648298,-0.3107954263687134,1.3730270862579346,0.5,6.986687708376849e-07,-46.18500518798828,-46.18500518798828
3,15,-0.020296290516853333,-0.244712665982431,0.3214232623577118,1.9723984003067017,0.5,7.362987730630266e-07,80.02879333496094,80.02879333496094
3,16,-0.5002145767211914,-0.25748776151936903,-0.26231005787849426,1.6263481378555298,0.5,9.631303328205831e-07,6.428104400634766,6.428104400634766
3,17,-0.24434921145439148,-0.25683083401612017,0.10806667804718018,2.0080528259277344,0.5,1.1180680985489744e-06,27.13227653503418,27.13227653503418
3,18,-0.7841528058052063,-0.2831969326055745,-0.5354956388473511,1.662190318107605,0.5,8.46552211442031e-07,-83.9728012084961,-83.9728012084961
3,19,-0.00923001766204834,-0.26949858685839817,0.3028683662414551,1.8736612796783447,0.5,7.452154591192084e-07,142.0207977294922,142.0207977294922
3,20,0.15022797882556915,-0.24851225857419976,0.40508562326431274,1.6828588247299194,0.5,7.708853217991418e-07,125.33812713623047,125.33812713623047
3,21,-0.21675711870193481,-0.24692450158058651,-0.0862089991569519,1.26849365234375,0.5,1.4956805216570501e-06,37.69618225097656,37.69618225097656
3,22,-0.5016311407089233,-0.2596598335370034,-0.2413100302219391,1.7010704278945923,0.5,2.964650548165082e-06,-67.24634552001953,-67.24634552001953
3,23,0.0021536238491535187,-0.24656916066769552,0.26479092240333557,1.708790898323059,0.5,1.273155135095294e-06,80.18766784667969,80.18766784667969
3,24,-0.4075901210308075,-0.2546202086858511,-0.1587992161512375,1.6626362800598145,0.5,1.758154212438967e-06,-5.007266998291016,-5.007266998291016
3,25,-0.037992097437381744,-0.24378880312342763,0.24179118871688843,1.765944242477417,0.5,1.1125644050480332e-06,116.1985855102539,116.1985855102539
3,26,-0.6704796552658081,-0.26512334573054663,-0.3628709316253662,1.8586957454681396,0.5,1.5096347851795144e-06,-134.76902770996094,-134.76902770996094
3,27,0.09542807936668396,-0.2470957744756851,0.418442964553833,1.910049557685852,0.5,1.5115271025933907e-06,140.11041259765625,140.11041259765625
3,28,-0.2324044108390808,-0.24636120629385488,0.027797505259513855,1.7006731033325195,0.5,3.3223270747839706e-06,29.032909393310547,29.032909393310547
3,29,-0.4669320583343506,-0.2573897488958797,-0.1976867914199829,1.7308173179626465,0.5,1.8455195913702482e-06,-27.080791473388672,-27.080791473388672
4,0,0.34003007411956787,0.01700150370597841,0.6054694652557373,1.7181310653686523,0.5,0.0,127.54911041259766,127.54911041259766
4,1,0.49794700741767883,0.041048778891563456,0.6492533087730408,1.3376874923706055,0.5,6.093727478173605e-08,168.8088836669922,168.8088836669922
4,2,0.22830896079540253,0.05041178798675541,0.44511789083480835,1.5560296773910522,0.5,2.9703867809871554e-08,76.60081481933594,76.60081481933594
4,3,0.3112334609031677,0.06345287163257604,0.49554169178009033,1.4476940631866455,0.5,3.5331188996678975e-07,91.26329803466797,91.26329803466797
4,4,0.09249462187290192,0.06490495914459234,0.3852612376213074,1.809221863746643,0.5,3.651549462801995e-08,8.628150939941406,8.628150939941406
4,5,-0.10454773902893066,0.056432324235916174,0.15445935726165771,1.6966900825500488,0.5,3.731629405478998e-08,-71.24982452392578,-71.24982452392578
4,6,0.3832811415195465,0.07277476510009771,0.6087878942489624,1.5850225687026978,0.5,1.0009562174673192e-06,116.92678833007812,116.92678833007812
4,7,0.37607523798942566,0.08793978874456412,0.5845673680305481,1.5283069610595703,0.5,2.047214366029948e-06,109.2684097290039,109.2684097290039
4,8,0.11119384318590164,0.08910249146663099,0.3766736686229706,1.7182660102844238,0.5,8.369823376597196e-07,9.836143493652344,9.836143493652344
4,9,0.07877765595912933,0.0885862496912559,0.2893297076225281,1.5351734161376953,0.5,4.3582772946137993e-07,-3.7908575534820557,-3.7908575534820557
4,10,0.2635217010974884,0.09733302226156754,0.5298256874084473,1.721013069152832,0.5,1.3040373403327976e-07,69.74666595458984,69.74666595458984
4,11,0.0237131267786026,0.09365202748741928,0.30242642760276794,1.762377381324768,0.5,9.630607422650428e-08,-32.05429458618164,-32.05429458618164
4,12,0.1966121941804886,0.09880003582207275,0.4725906252861023,1.7532613277435303,0.5,7.367749077502594e-08,47.059974670410156,47.059974670410156
4,13,0.513757586479187,0.11954791335492848,0.7092154026031494,1.4848593473434448,0.5,3.437888153712265e-06,153.2229461669922,153.2229461669922
4,14,-0.26852551102638245,0.10014424213586293,-0.01934763975441456,1.6639262437820435,0.5,3.162370376230683e-06,-169.73655700683594,-169.73655700683594
4,15,0.4624938368797302,0.11826172187305631,0.7171136736869812,1.6820663213729858,0.5,3.274037112532824e-07,143.63589477539062,143.63589477539062
4,16,0.5215131044387817,0.1384242910013426,0.7701837420463562,1.6622353792190552,0.5,1.183163021778455e-06,160.21121215820312,160.21121215820312
4,17,0.22641992568969727,0.14282407273576034,0.4635179042816162,1.6236599683761597,0.5,3.5268640203867108e-06,27.79154396057129,27.79154396057129
4,18,0.2956167161464691,0.1504637049062958,0.5660490393638611,1.7347745895385742,0.5,1.8970857240674377e-07,62.073570251464844,62.073570251464844
4,19,0.25941166281700134,0.1559111028018311,0.47693344950675964,1.558405876159668,0.5,1.8825300003300072e-06,41.09386444091797,41.09386444091797
4,20,0.10391955077648163,0.15331152520056363,0.3483981788158417,1.6482620239257812,0.5,1.3729024885833496e-06,-24.319740295410156,-24.319740295410156
4,21,0.10879623889923096,0.15108576088549697,0.39388442039489746,1.7836272716522217,0.5,4.26051059321253e-07,-16.11594581604004,-16.11594581604004
4,22,0.2540062665939331,0.1562317861709188,0.49066489934921265,1.6221952438354492,0.5,1.7590543848200468e-06,35.19553756713867,35.19553756713867
4,23,0.3076080083847046,0.1638005972816081,0.5641661882400513,1.6885273456573486,0.5,4.729276952275541e-06,52.954994201660156,52.954994201660156
4,24,0.0671381950378418,0.15896747716941978,0.30256518721580505,1.618090033531189,0.5,5.931380655965768e-06,-50.47039031982422,-50.47039031982422
4,25,-0.07089941948652267,0.14747413233662265,0.18712469935417175,1.6934137344360352,0.5,9.480605172029755e-07,-92.9124984741211,-92.9124984741211
4,26,0.47290337085723877,0.16374559426265345,0.6794673204421997,1.52187979221344,0.5,7.826436558389105e-06,123.60165405273438,123.60165405273438
4,27,-0.05950000882148743,0.1525833141084464,0.23299333453178406,1.8083109855651855,0.5,2.355020853883616e-07,-95.94126892089844,-95.94126892089844
4,28,0.09628792107105255,0.1497685444565767,0.3124486804008484,1.5538692474365234,0.5,1.3232332776169642e-06,-20.708263397216797,-20.708263397216797
4,29,0.2396411895751953,0.15426217671250764,0.46206605434417725,1.5747493505477905,0.5,1.2854816304752603e-05,22.631513595581055,22.631515502929688
5,0,0.458463191986084,0.02292315959930422,0.7231930494308472,1.7157660722732544,0.5,0.0,171.26101684570312,171.26101684570312
5,1,0.5116725564002991,0.047360629439353985,0.8252233862876892,1.8785024881362915,0.5,6.09949495355977e-08,183.69972229003906,183.69972229003906
5,2,0.6329013109207153,0.07663766351342208,0.885155975818634,1.6741821765899658,0.5,2.288027474151022e-07,215.90396118164062,215.90396118164062
5,3,0.3397519588470459,0.08979337828010328,0.7100098729133606,2.067526340484619,0.5,4.593542257680383e-08,88.52760314941406,88.52760314941406
5,4,0.3892078697681427,0.10476410285450527,0.6930243372917175,1.8460547924041748,0.5,6.550390452275678e-08,110.9518814086914,110.9518814086914
5,5,0.4213711619377136,0.1205944558086657,0.7290371060371399,1.8588862419128418,0.5,5.021641982239089e-07,116.81260681152344,116.81260681152344
5,6,0.3524532914161682,0.13218739758904083,0.6447485089302063,1.8076506853103638,0.5,3.023823751391319e-07,81.56936645507812,81.56936645507812
5,7,0.4532497227191925,0.14824051384554843,0.7440117001533508,1.802539587020874,0.5,1.8814236568687193e-07,114.52598571777344,114.52598571777344
5,8,0.3033369183540344,0.15599533407097274,0.5766845941543579,1.7444920539855957,0.5,3.6230894693289883e-06,51.08936309814453,51.08936309814453
5,9,0.18964830040931702,0.15767798238788994,0.4715939164161682,1.7731518745422363,0.5,7.035543490019336e-07,29.32506561279297,29.32506561279297
5,10,0.3356024920940399,0.16657420787319746,0.634745717048645,1.8304773569107056,0.5,6.060452619749412e-07,60.073951721191406,60.073951721191406
5,11,0.23921921849250793,0.17020645840416299,0.5307641625404358,1.805149793624878,0.5,1.1441428569014533e-06,22.10972785949707,22.10972785949707
5,12,0.25775042176246643,0.17458365657207817,0.538226842880249,1.7682545185089111,0.5,2.315943675057497e-06,35.490272521972656,35.490272521972656
5,13,0.011590082198381424,0.16643397785339334,0.2743455171585083,1.7091847658157349,0.5,1.0079210142066586e-06,-40.80400085449219,-40.80400085449219
5,14,0.207688570022583,0.16849670746185283,0.5006165504455566,1.8097598552703857,0.5,1.6711342141206842e-06,30.419837951660156,30.419837951660156
5,15,0.4667777419090271,0.18341075918421154,0.7745048999786377,1.8590906858444214,0.5,1.3864359971194062e-06,120.82412719726562,120.82412719726562
5,16,0.4050547480583191,0.19449295862791693,0.6680179238319397,1.7098772525787354,0.5,3.827493856078945e-06,83.02234649658203,83.02234649658203
5,17,0.29035407304763794,0.199286014348903,0.6208763122558594,1.935073733329773,0.5,3.2818925319588743e-06,39.88957214355469,39.88957214355469
5,18,0.3645014762878418,0.20754678744584995,0.6480356454849243,1.778447151184082,0.5,9.702955594548257e-07,69.53504943847656,69.53504943847656
5,19,0.4295986592769623,0.21864938103740555,0.6642072200775146,1.6153616905212402,0.5,9.608584150555544e-06,77.17305755615234,77.17305755615234
5,20,0.25322914123535156,0.22037836904730285,0.5400491952896118,1.789400339126587,0.5,1.2779809139829013e-06,20.964344024658203,20.964344024658203
5,21,0.38923558592796326,0.22882122989133585,0.6449401378631592,1.685681700706482,0.5,4.998762960894965e-06,61.54896545410156,61.54896545410156
5,22,0.33269602060317993,0.23401496942692807,0.6591583490371704,1.9215410947799683,0.5,2.1890789412282174e-06,31.52155303955078,31.52155303955078
5,23,0.33111289143562317,0.23886986552736283,0.6568236351013184,1.9190356731414795,0.5,1.2946157994520036e-06,38.573974609375,38.573974609375
5,24,0.11526571214199066,0.23268965785809423,0.3982820510864258,1.7767207622528076,0.5,3.18141360367008e-06,-43.764671325683594,-43.764671325683594
5,25,0.6151649355888367,0.2518134217446314,0.8767341375350952,1.7052305936813354,0.5,8.82101448951289e-06,151.30218505859375,151.30218505859375
5,26,0.3247531056404114,0.2554604059394204,0.6190795302391052,1.8144210577011108,0.5,3.918354195775464e-06,32.28257369995117,32.28257369995117
5,27,0.46374183893203735,0.26587447758905125,0.7448756694793701,1.7704460620880127,0.5,4.792177605850156e-06,73.37577056884766,73.37577056884766
5,28,0.5023148059844971,0.2776964940088235,0.7784589529037476,1.753813624382019,0.5,8.380765393667389e-06,79.90399932861328,79.90399932861328
5,29,0.4809950888156891,0.28786142374916684,0.6887887716293335,1.5259788036346436,0.5,2.043996391876135e-05,70.84808349609375,70.84808349609375
6,0,0.10867902636528015,0.005433951318264013,0.3599092960357666,1.6707674264907837,0.5,0.0,57.853614807128906,57.853614807128906
6,1,0.13123291730880737,0.011723899617791186,0.3419332802295685,1.535667896270752,0.5,4.279671728113499e-09,48.99181365966797,48.99181365966797
6,2,0.1286594569683075,0.017570677485317005,0.3630702793598175,1.6147027015686035,0.5,3.853973495893115e-08,58.04059600830078,58.04059600830078
6,3,0.12357388436794281,0.0228708378294483,0.317323237657547,1.4791646003723145,0.5,1.626075771810065e-07,43.1453971862793,43.1453971862793
6,4,0.376711368560791,0.04056286436601545,0.6312464475631714,1.6817835569381714,0.5,3.139096804716246e-07,136.55142211914062,136.55142211914062
6,5,0.19675728678703308,0.04837258548706634,0.4367222785949707,1.6332168579101562,0.5,2.641959326865617e-07,70.95040130615234,70.95040130615234
6,6,0.46474048495292664,0.06919098046035937,0.6065412759780884,1.3060027360916138,0.5,7.521147153966012e-07,144.3817596435547,144.3817596435547
6,7,0.21973489224910736,0.07671817604979678,0.39820772409439087,1.4282424449920654,0.5,7.438139846271952e-07,56.36099624633789,56.36099624633789
6,8,-0.1260657161474228,0.06657898143993579,0.14856921136379242,1.7487831115722656,0.5,2.623579007376975e-07,-53.86186981201172,-53.86186981201172
6,9,0.025814704596996307,0.06454076759778882,0.29625171422958374,1.7347900867462158,0.5,4.816570253751706e-07,-6.286801338195801,-6.286801338195801
6,10,0.00042697787284851074,0.061335078111541805,0.2593232989311218,1.6963210105895996,0.5,1.099764176615281e-06,3.565114974975586,3.565114974975586
6,11,0.035453882068395615,0.0600410183093845,0.2685615122318268,1.6103585958480835,0.5,7.456277444362058e-07,1.019857406616211,1.0198575258255005
6,12,0.0003849230706691742,0.05705821354744873,0.2205735743045807,1.5672955513000488,0.5,1.883669483504491e-06,-9.168710708618164,-9.168710708618164
6,13,0.24787406623363495,0.06659900618175806,0.5094126462936401,1.7051283121109009,0.5,1.3957680948806228e-06,72.4097671508789,72.4097671508789
6,14,-0.13577109575271606,0.05648050108503434,0.14171481132507324,1.7582862377166748,0.5,1.1721141390808043e-06,-51.66950988769531,-51.66950988769531
6,15,0.2720162570476532,0.06725728888316529,0.4838768243789673,1.5395351648330688,0.5,2.7747787498810794e-06,74.92803955078125,74.92803955078125
6,16,0.3727147877216339,0.08253016382508874,0.5304484367370605,1.359112024307251,0.5,3.3533178793732077e-06,122.45104217529297,122.45104217529297
6,17,0.357659250497818,0.0962866181587252,0.5064030885696411,1.329145908355713,0.5,5.230949227552628e-06,94.1865463256836,94.1865463256836
6,18,0.0881761685013771,0.0958810956758578,0.33139514923095703,1.6440633535385132,0.5,1.961371026482084e-06,2.689629077911377,2.689629316329956
6,19,0.16029781103134155,0.09910193144363198,0.4052020013332367,1.6496806144714355,0.5,1.9318842987559037e-06,30.239931106567383,30.239931106567383
6,20,0.4197424054145813,0.11513395514217947,0.6437057256698608,1.5798773765563965,0.5,1.1615406947385054e-06,120.80233001708984,120.80233001708984
6,21,-0.23231340944766998,0.09776158691268699,0.039337947964668274,1.7388378381729126,0.5,1.61882633165078e-06,-101.81732940673828,-101.81732940673828
6,22,0.2503198981285095,0.10538950247347813,0.5267939567565918,1.754913568496704,0.5,3.95373808714794e-06,57.407142639160156,57.407142639160156
6,23,0.665220320224762,0.13338104336104234,0.8526335954666138,1.4580440521240234,0.5,6.095771823311225e-06,198.1636199951172,198.1636199951172
6,24,0.1671411693096161,0.13506904965847102,0.4121347665786743,1.6499786376953125,0.5,5.021853212383576e-06,15.300853729248047,15.300854682922363
6,25,0.3051134943962097,0.14357127189535795,0.46432018280029297,1.364022135734558,0.5,1.5553345292573795e-05,69.79940795898438,69.79940795898438
6,26,0.26918789744377136,0.14985210317277864,0.4172828495502472,1.326983094215393,0.5,1.070300550054526e-05,53.97596740722656,53.97596740722656
6,27,-0.24583934247493744,0.1300675308903928,0.10140947252511978,1.990829348564148,0.5,4.650087703339523e-06,-100.60220336914062,-100.60220336914062
6,28,-0.009276576340198517,0.12310032552886323,0.20620504021644592,1.551605224609375,0.5,6.924657554918667e-06,-17.4680118560791,-17.4680118560791
6,29,0.15991981327533722,0.12494129991618692,0.35434865951538086,1.4814293384552002,0.5,7.638276656507514e-06,30.470006942749023,30.470006942749023
7,0,0.08305545151233673,0.0041527725756168405,0.3668951094150543,1.7794655561447144,0.5,0.0,35.84065246582031,35.84065246582031
7,1,0.5849418640136719,0.03319222714751962,0.8295177221298218,1.6485862731933594,0.5,3.178017493610241e-08,201.01654052734375,201.01654052734375
7,2,-0.24140888452529907,0.019462171563878673,-0.05227474868297577,1.463780403137207,0.5,1.5837156297493493e-07,-35.419673919677734,-35.419673919677734
7,3,0.3339861035346985,0.03518836816241968,0.776167631149292,2.307271718978882,0.5,1.589543785485148e-07,96.3658218383789,96.3658218383789
7,4,-0.40283292531967163,0.013287303488315094,-0.1261167973279953,1.7557202577590942,0.5,2.3014206362859113e-07,-112.648193359375,-112.648193359375
7,5,-0.4334384799003601,-0.009048985681118686,0.12411734461784363,2.691852569580078,0.5,1.2764503765083646e-07,-140.0537109375,-140.0537109375
7,6,0.11641918122768402,-0.002775577335678546,0.34867677092552185,1.607525110244751,0.5,4.348929678599234e-07,57.87264633178711,57.87264633178711
7,7,0.023767195641994476,-0.0014484386867948938,0.41494444012641907,2.1372573375701904,0.5,4.977841285835893e-07,40.22571563720703,40.22571563720703
7,8,0.12924036383628845,0.005086001439359279,0.3667147755622864,1.6249144077301025,0.5,1.0085001349580125e-06,58.36750793457031,58.36750793457031
7,9,0.6187499165534973,0.03576919719506621,0.8436045050621033,1.5828485488891602,0.5,1.7505456071376102e-06,202.8495330810547,202.8495330810547
7,10,0.16567355394363403,0.04226441503249461,0.42979729175567627,1.7137457132339478,0.5,1.4202032616594806e-06,61.278236389160156,61.278236389160156
7,11,0.25264763832092285,0.05278357619691603,0.48372331261634827,1.6035856008529663,0.5,6.223084483281127e-07,76.48068237304688,76.48068237304688
7,12,0.1920776069164276,0.05974827773289162,0.3105899691581726,1.2283743619918823,0.5,1.916060227813432e-06,57.91477966308594,57.91477966308594
7,13,0.17578382790088654,0.06555005524129137,0.3455628454685211,1.3992633819580078,0.5,2.0873719677183544e-06,47.11202621459961,47.11202621459961
7,14,0.49583160877227783,0.08706413291784071,0.8309391736984253,1.950358271598816,0.5,2.4276455405924935e-06,142.85308837890625,142.85308837890625
7,15,0.27655744552612305,0.09653879854825484,0.42979148030281067,1.3441133499145508,0.5,1.808414140214154e-06,82.29347229003906,82.29347229003906
7,16,-0.060612380504608154,0.08868123959561168,0.14234299957752228,1.509851098060608,0.5,2.079629666695837e-06,-41.30788803100586,-41.30788803100586
7,17,-0.3080858588218689,0.06884288467473763,-0.1364094465970993,1.405587911605835,0.5,3.7269937820383348e-06,-79.321044921875,-79.321044921875
7,18,0.2461530566215515,0.07770839327207833,0.464000403881073,1.5594911575317383,0.5,1.6904655240068678e-06,77.63072204589844,77.63072204589844
7,19,0.1520410180091858,0.08142502450893371,0.43939870595932007,1.7911922931671143,0.5,3.5480709357216256e-06,24.542024612426758,24.542024612426758
7,20,0.29149311780929565,0.09192842917395182,0.49724316596984863,1.5191667079925537,0.5,4.7552562136843335e-06,77.45913696289062,77.45913696289062
7,21,0.41291821002960205,0.10797791821673434,0.5947402715682983,1.4394069910049438,0.5,4.211935447528958e-06,107.7341537475586,107.7341537475586
7,22,0.050070881843566895,0.10508256639807596,0.2792876362800598,1.5973891019821167,0.5,2.309658157173544e-06,6.197040557861328,6.197040557861328
7,23,0.08748704195022583,0.10420279017568346,0.45812246203422546,2.068784713745117,0.5,2.057418214462814e-06,-9.606121063232422,-9.606121063232422
7,24,0.47898706793785095,0.12294200406379184,0.6180117130279541,1.2967486381530762,0.5,2.642942035890883e-06,128.58770751953125,128.58770751953125
7,25,0.2476659119129181,0.12917819945624817,0.7486163377761841,2.5031678676605225,0.5,3.8651019167446066e-06,32.83033752441406,32.83033752441406
7,26,0.28027647733688354,0.13673311335027996,0.616385281085968,1.9536958932876587,0.5,5.680046342604328e-06,59.47513198852539,59.47513198852539
7,27,0.07468315958976746,0.13363061566225432,0.4189141094684601,1.9807696342468262,0.5,4.448803792911349e-06,3.394145965576172,3.39414644241333
7,28,0.3301333487033844,0.14345575231431082,0.5772300362586975,1.6569889783859253,0.5,7.464030659320997e-06,68.07258605957031,68.07258605957031
7,29,0.1497184783220291,0.14376888861469672,0.39353567361831665,1.6460572481155396,0.5,6.7766804932034574e-06,26.1495361328125,26.1495361328125
8,0,0.14082567393779755,0.007041283696889883,0.4381886124610901,1.8245428800582886,0.5,0.0,86.0966567993164,86.0966567993164
8,1,0.07801934331655502,0.010590186677873143,0.37110117077827454,1.8102726936340332,0.5,9.707455950191957e-10,39.73566436767578,39.73566436767578
8,2,-0.2896321713924408,-0.004420931225642568,-0.08600574731826782,1.5120878219604492,0.5,3.395659575744503e-08,-103.33110046386719,-103.33110046386719
8,3,0.11182592064142227,0.0013914113677106783,0.3233330547809601,1.538357138633728,0.5,4.746372184172287e-08,63.8518180847168,63.8518180847168
8,4,0.11760126054286957,0.007201903826468628,0.31043779850006104,1.4761216640472412,0.5,4.149090955252177e-07,68.35543823242188,68.35543823242188
8,5,-0.10394204407930374,0.001644706431180005,0.11570388823747635,1.5654863119125366,0.5,1.8165374626732955e-07,-35.64820098876953,-35.64820098876953
8,6,-0.1881941854953766,-0.007847238165147834,0.03210095316171646,1.567650318145752,0.5,2.3254314385212638e-07,-67.05984497070312,-67.05984497070312
8,7,0.05711441487073898,-0.0045991555133534905,0.29345476627349854,1.6211342811584473,0.5,3.678734401546535e-07,56.28025817871094,56.28025817871094
8,8,-0.05992379039525986,-0.0073653872574488116,0.17605561017990112,1.6199312210083008,0.5,4.360422281024512e-07,-5.857616424560547,-5.857616424560547
8,9,0.18611758947372437,0.002308761579109856,0.49201953411102295,1.853006362915039,0.5,2.21357424834423e-07,82.77304077148438,82.77304077148438
8,10,-0.31468772888183594,-0.013541062943937449,-0.10071790218353271,1.5465660095214844,0.5,1.0248138551105512e-06,-111.2086181640625,-111.2086181640625
8,11,0.08115227520465851,-0.008806396036507645,0.28476929664611816,1.512056589126587,0.5,6.905837039994367e-07,57.6826286315918,57.6826286315918
8,12,0.02022506296634674,-0.0073548230863649255,0.2517109215259552,1.6049529314041138,0.5,4.154355792707065e-07,42.76637268066406,42.76637268066406
8,13,0.18569165468215942,0.0022975008020613003,0.389809250831604,1.5137253999710083,0.5,1.0032961199613055e-06,87.93309020996094,87.93309020996094
8,14,-0.03737408667802811,0.00031392142805682826,0.15686644613742828,1.4808018207550049,0.5,1.6717413018341176e-06,16.724815368652344,16.724815368652344
8,15,0.05911193788051605,0.003253822250679792,0.30507034063339233,1.6531946659088135,0.5,1.1523621878950507e-06,82.96063232421875,82.96063232421875
8,16,-0.38478928804397583,-0.01614833326405301,-0.2289026975631714,1.3529553413391113,0.5,2.469246282998938e-06,-93.85833740234375,-93.85833740234375
8,17,-0.10498027503490448,-0.020589930352595587,0.10577663779258728,1.5358563661575317,0.5,1.2957809758518124e-06,-27.82087516784668,-27.82087516784668
8,18,-0.41626399755477905,-0.040373633712704776,-0.2384268045425415,1.4261237382888794,0.5,4.982217888027662e-06,-111.0936050415039,-111.0936050415039
8,19,-0.10802774876356125,-0.04375633946524761,0.08760460466146469,1.4854410886764526,0.5,4.571642421069555e-06,-10.519699096679688,-10.519699096679688
8,20,-0.07388266921043396,-0.045262655952506926,0.19252410531044006,1.72135591506958,0.5,1.4277843547461089e-06,-5.329437255859375,-5.329437255859375
8,21,0.45023369789123535,-0.02048783826031979,0.6902530789375305,1.6333978176116943,0.5,1.2122881116738426e-06,215.26443481445312,215.26443481445312
8,22,-0.06919868290424347,-0.022923380492515976,0.2109518051147461,1.7671681642532349,0.5,6.449188276747009e-06,0.8568077087402344,0.8568083643913269
8,23,0.08598718047142029,-0.017477852444319156,0.3317844867706299,1.6526577472686768,0.5,4.624295343091944e-06,66.14607238769531,66.14607238769531
8,24,0.11225654184818268,-0.01099113272969406,0.3065052628517151,1.4808290004730225,0.5,4.315192200010642e-06,56.8447151184082,56.8447151184082
8,25,-0.11171862483024597,-0.01602750733472166,0.07672883570194244,1.4614914655685425,0.5,5.77799755774322e-06,-24.094064712524414,-24.094064712524414
8,26,0.05654149502515793,-0.012399057216727677,0.27726107835769653,1.5690652132034302,0.5,8.27891199151054e-06,52.62688446044922,52.62688446044922
8,27,0.08583518117666245,-0.0074873452970581665,0.2512468099594116,1.3847054243087769,0.5,3.0315366075228667e-06,33.677791595458984,33.677791595458984
8,28,0.07931724190711975,-0.0031471159368492672,0.24004815518856049,1.3691030740737915,0.5,6.8221274887037e-06,51.872684478759766,51.872684478759766
8,29,-0.1064007580280304,-0.008309798041408328,0.17053090035915375,1.7564387321472168,0.5,3.41232566825056e-06,-12.011821746826172,-12.011821746826172
9,0,0.5100022554397583,0.025500112771987937,0.787942111492157,1.7597994804382324,0.5,0.0,189.69601440429688,189.69601440429688
9,1,0.1545894742012024,0.03195458084344867,0.24557702243328094,1.136625051498413,0.5,7.07345577666274e-08,63.635581970214844,63.635581970214844
9,2,0.19329626858234406,0.040021665230393445,0.4522646367549896,1.6965612173080444,0.5,9.222168984024393e-08,61.68885803222656,61.68885803222656
9,3,-0.15714849531650543,0.03016315720304849,0.11592666059732437,1.7435837984085083,0.5,5.408683279028992e-08,-37.82979965209961,-37.82979965209961
9,4,0.5965249538421631,0.05848124703500425,0.8312905430793762,1.6158853769302368,0.5,2.3450809294445207e-07,206.2330780029297,206.2330780029297
9,5,0.16275662183761597,0.06369501577513484,0.5308352112770081,2.0602619647979736,0.5,1.6745485709179775e-07,42.21472930908203,42.21472930908203
9,6,0.25232258439064026,0.07312639420591012,0.5093564987182617,1.6901130676269531,0.5,8.473027151012502e-07,69.18175506591797,69.18175506591797
9,7,0.1893916130065918,0.07893965514594421,0.35207754373550415,1.375619649887085,0.5,1.0425392247270793e-06,70.7397689819336,70.7397689819336
9,8,0.34763991832733154,0.09237466830501359,0.5785123109817505,1.6029077768325806,0.5,6.954727496122359e-07,114.4683609008789,114.4683609008789
9,9,0.43932685256004333,0.10972227751776509,0.5799337029457092,1.3020228147506714,0.5,2.645016138558276e-06,133.77108764648438,133.77108764648438
9,10,0.35959431529045105,0.12221587940639939,0.524465024471283,1.3829022645950317,0.5,2.47492607741151e-06,88.72239685058594,88.72239685058594
9,11,0.30582958459854126,0.1313965646660065,0.5438847541809082,1.6268503665924072,0.5,1.163246224678005e-06,82.10086822509766,82.10086822509766
9,12,0.18012931942939758,0.13383320240417604,0.49623364210128784,1.8870145082473755,0.5,1.9300985059089726e-06,17.617443084716797,17.617443084716797
9,13,0.47372451424598694,0.1508277679962666,0.7205060720443726,1.6559386253356934,0.5,1.98722887034819e-06,126.5777816772461,126.5777816772461
9,14,0.4434211254119873,0.16545743586705264,0.6589699387550354,1.55182945728302,0.5,4.1597454583097715e-06,118.33114624023438,118.33114624023438
9,15,0.46494853496551514,0.18043199082197575,0.7210702896118164,1.6870722770690918,0.5,1.930474809341831e-06,113.82244110107422,113.82244110107422
9,16,0.37053361535072327,0.18993707204841315,0.5583547949790955,1.4594039916992188,0.5,2.872286586352857e-06,86.90664672851562,86.90664672851562
9,17,0.6958410143852234,0.21523226916525368,0.9218149185180664,1.586579442024231,0.5,5.4211323003983125e-06,183.15048217773438,183.15048217773438
9,18,0.45558106899261475,0.22724970915662174,0.6314591765403748,1.4195938110351562,0.5,4.747310413222294e-06,103.69511413574219,103.69511413574219
9,19,0.4699901342391968,0.2393867304107505,0.7778598070144653,1.8595654964447021,0.5,5.432039870356675e-06,87.99530029296875,87.99530029296875
9,20,-0.006535269320011139,0.22709063042421243,0.1677871197462082,1.4144078493118286,0.5,3.307199222035706e-06,-38.874351501464844,-38.874351501464844
9,21,0.3428306579589844,0.23287763180095103,0.6774598956108093,1.9487642049789429,0.5,1.9591388991102576e-06,46.02960968017578,46.02960968017578
9,22,0.11511720716953278,0.2269896105693801,0.34898999333381653,1.6129094362258911,0.5,8.329376214533113e-06,-16.668201446533203,-16.668201446533203
9,23,0.041482940316200256,0.2177142770567211,0.20244303345680237,1.369866967201233,0.5,1.4990199815656524e-05,-53.433589935302734,-53.433589935302734
9,24,0.32396185398101807,0.22302665590293597,0.6361533403396606,1.8739713430404663,0.5,1.148659794125706e-05,48.478145599365234,48.478145599365234
9,25,0.35359644889831543,0.22955514555270495,0.5351322889328003,1.4384528398513794,0.5,6.270614449022105e-06,60.136287689208984,60.136287689208984
9,26,0.24633346498012543,0.230394061524076,0.49299585819244385,1.655540943145752,0.5,4.0255513340525795e-06,31.99762725830078,31.99762725830078
9,27,0.2378285527229309,0.23076578608401874,0.3751061260700226,1.2909252643585205,0.5,1.7263868357986212e-05,23.513216018676758,23.51321792602539
9,28,0.5444822311401367,0.24645160833682464,0.8181610703468323,1.745596170425415,0.5,9.329220119980164e-06,116.5166244506836,116.5166244506836
9,29,0.5707510113716125,0.26266657848856406,0.7422856092453003,1.4051151275634766,0.5,2.5419190933462232e-05,122.1694107055664,122.1694107055664
10,0,-0.038592055439949036,-0.0019296027719974535,0.2748047411441803,1.8779892921447754,0.5,0.0,-22.329174041748047,-22.329174041748047
10,1,0.1756262332201004,0.006948189027607448,0.40589794516563416,1.6009056568145752,0.5,1.7577722610795377e-09,69.47638702392578,69.47638702392578
10,2,-0.24828708171844482,-0.005813574509695178,-0.04365129768848419,1.51545250415802,0.5,8.817298891017344e-09,-99.8290786743164,-99.8290786743164
10,3,0.02559521794319153,-0.004243134887050842,0.34624022245407104,1.9021499156951904,0.5,1.732236221130279e-08,-2.8012962341308594,-2.8012962341308594
10,4,-0.111937515437603,-0.009627853914578453,0.09780517220497131,1.532475471496582,0.5,2.4863695102794736e-08,-34.33799743652344,-34.33799743652344
10,5,-0.28690221905708313,-0.023491572171703702,0.07835268974304199,2.050849676132202,0.5,1.840038805767108e-07,-107.97232055664062,-107.97232055664062
10,6,-0.1002541333436966,-0.02732970023030335,0.1987435519695282,1.8299920558929443,0.5,6.906421656793782e-09,-31.312942504882812,-31.312942504882812
10,7,-0.3130342364311218,-0.04161492704034429,0.02746136486530304,1.9683184623718262,0.5,8.397409345661799e-08,-122.93569946289062,-122.93569946289062
10,8,0.05400308966636658,-0.036834026205008745,0.3552345037460327,1.8374379873275757,0.5,1.24617997698806e-07,27.23525047302246,27.23525047302246
10,9,-0.032226335257291794,-0.0366036416576229,0.21373239159584045,1.6531956195831299,0.5,1.1265482413591599e-07,3.197641372680664,3.197641372680664
10,10,-0.11083715409040451,-0.040315317279261985,0.15508078038692474,1.719726324081421,0.5,7.960584724742148e-08,-20.580066680908203,-20.580066680908203
10,11,-0.07563038170337677,-0.04208107050046773,0.20698462426662445,1.7753833532333374,0.5,1.305307080201601e-07,-17.299945831298828,-17.299945831298828
10,12,-0.0872238352894783,-0.044338208739918256,0.2313249409198761,1.8951624631881714,0.5,7.699358661739097e-08,-21.392980575561523,-21.392980575561523
10,13,0.17273320257663727,-0.03348463817409047,0.3795444965362549,1.5227041244506836,0.5,8.323788591724224e-08,79.27027893066406,79.27027893066406
10,14,-0.426949143409729,-0.05315786343587241,-0.16095544397830963,1.7199788093566895,0.5,2.0526106254692422e-06,-144.11795043945312,-144.11795043945312
10,15,-0.3017629086971283,-0.06558811569893522,-0.08235717564821243,1.5646858215332031,0.5,1.5999466995708644e-07,-101.87586212158203,-101.87586212158203
10,16,-0.005911987274885178,-0.06260430927773271,0.19764849543571472,1.5118682384490967,0.5,1.1759837548197538e-07,34.56317901611328,34.56317901611328
10,17,0.18040674924850464,-0.05045375635142083,0.4328539967536926,1.6748239994049072,0.5,2.7536177071851853e-07,94.13021850585938,94.13021850585938
10,18,0.2116072177886963,-0.03735070764441497,0.47458702325820923,1.7099323272705078,0.5,5.653961352436454e-07,81.74596405029297,81.74596405029297
10,19,0.05641607940196991,-0.03266236829209572,0.3339914083480835,1.7585844993591309,0.5,5.626625352306291e-07,31.426477432250977,31.426477432250977
10,20,-0.15689726173877716,-0.038874112964429795,0.13789713382720947,1.815981388092041,0.5,7.39709832942026e-07,-41.92970275878906,-41.92970275878906
10,21,0.12603385746479034,-0.030628714442968778,0.3968144953250885,1.7359354496002197,0.5,2.7076723085883714e-07,63.57649230957031,63.57649230957031
10,22,0.02133670449256897,-0.02803044349619189,0.27667421102523804,1.6844583749771118,0.5,5.364864250623214e-07,18.969669342041016,18.969669342041016
10,23,-0.2707723081111908,-0.040167536726941844,0.08040423691272736,2.0039217472076416,0.5,6.542354071825685e-07,-99.1290512084961,-99.1290512084961
10,24,-0.09058845788240433,-0.04268858278471497,0.14380449056625366,1.6146430969238281,0.5,6.498034963442478e-07,-21.008487701416016,-21.008487701416016
10,25,-0.1406792849302292,-0.04758811789199069,0.1178966835141182,1.6952531337738037,0.5,9.067131259143935e-07,-43.19894790649414,-43.19894790649414
10,26,-0.12039630115032196,-0.051228527054907255,0.12269115447998047,1.6436246633529663,0.5,1.943874622156727e-06,-21.560161590576172,-21.560161590576172
10,27,0.2707971930503845,-0.035127241049642655,0.5558232069015503,1.7834199666976929,0.5,6.058401140762726e-07,115.79051208496094,115.79051208496094
10,28,0.4147569239139557,-0.012633032801462718,0.6172453165054321,1.5082945823669434,0.5,6.336221076708171e-07,162.8528594970703,162.8528594970703
10,29,0.10101817548274994,-0.0069504723872520794,0.36520352959632874,1.7139511108398438,0.5,3.8719807093912095e-07,40.736026763916016,40.736026763916016
11,0,-0.3242928981781006,-0.016214644908905045,-0.1448071002960205,1.4316195249557495,0.5,0.0,-93.39989471435547,-93.39989471435547
11,1,-0.0053367167711257935,-0.015670748502016083,0.30841752886772156,1.879180669784546,0.5,2.5394482072726987e-09,24.539413452148438,24.539413452148438
11,2,-0.01626104861497879,-0.01570026350766422,0.30695563554763794,1.910722017288208,0.5,7.936146850795467e-09,-3.8569536209106445,-3.8569536209106445
11,3,-0.33566057682037354,-0.0316982791732997,-0.05998419225215912,1.752254605293274,0.5,2.2962440837659415e-08,-109.125,-109.125
11,4,0.15182644128799438,-0.022522043150234983,0.3604459762573242,1.5287318229675293,0.5,5.0945526908208194e-08,95.75236511230469,95.75236511230469
11,5,0.012132830917835236,-0.02078929944683147,0.18462751805782318,1.4083155393600464,0.5,4.104106388069795e-09,14.796585083007812,14.796585083007812
11,6,0.009006932377815247,-0.01929948785559913,0.12373103201389313,1.2157469987869263,0.5,1.1861519766398487e-07,28.794639587402344,28.794639587402344
11,7,0.14183934032917023,-0.011242546446360654,0.4229993522167206,1.7705332040786743,0.5,1.456046589964899e-07,82.68876647949219,82.68876647949219
11,8,-0.12406177073717117,-0.016883507660901187,0.13233312964439392,1.6879830360412598,0.5,1.5135775299768284e-07,-15.628440856933594,-15.628440856933594
11,9,0.2937668263912201,-0.0013509909582951098,0.6151924729347229,1.9047521352767944,0.5,8.68294520728341e-08,130.1001739501953,130.1001739501953
11,10,-0.20985186100006104,-0.011776034460383415,0.09476553648710251,1.848724603652954,0.5,2.8801161988667445e-07,-58.65085983276367,-58.65085983276367
11,11,0.00707726925611496,-0.010833369274558496,0.19066064059734344,1.4452778100967407,0.5,4.678026925830636e-07,42.33174133300781,42.33174133300781
11,12,-0.2872760593891144,-0.024655503780286303,0.2803664803504944,2.7254750728607178,0.5,3.100720391557843e-07,-95.44686889648438,-95.44686889648438
11,13,0.17738689482212067,-0.014553383850165946,0.3450062572956085,1.3920645713806152,0.5,7.659630796297279e-07,92.96004486083984,92.96004486083984
11,14,-0.027930602431297302,-0.015222244779222514,0.1582793891429901,1.4540332555770874,0.5,4.025048383482499e-07,22.666996002197266,22.666996002197266
11,15,0.2783808410167694,-0.0005420904894229053,0.4819355905056,1.511849284172058,0.5,5.520188324226183e-07,102.58069610595703,102.58069610595703
11,16,0.07623341679573059,0.003296684874834773,0.3840666115283966,1.8594439029693604,0.5,2.1198709987402253e-07,23.976112365722656,23.976112365722656
11,17,0.05906394124031067,0.00608504769310857,0.19686928391456604,1.2926843166351318,0.5,9.397751910000807e-07,42.769161224365234,42.769161224365234
11,18,-0.16165490448474884,-0.002301949915784307,0.09398545324802399,1.6854677200317383,0.5,9.41330597470369e-07,-32.508827209472656,-32.508827209472656
11,19,-0.4481123089790344,-0.02459246786894683,-0.26521360874176025,1.442995548248291,0.5,9.40917686875764e-07,-126.60957336425781,-126.60957336425781
11,20,0.022956401109695435,-0.022215024420014714,0.2418719232082367,1.563051700592041,0.5,4.541907401289791e-07,32.71064376831055,32.71064376831055
11,21,0.1761212795972824,-0.01229820921914985,0.3517923653125763,1.4189035892486572,0.5,5.086801024845045e-07,83.04843139648438,83.04843139648438
11,22,-0.30876588821411133,-0.027121593168897937,-0.14067231118679047,1.3936454057693481,0.5,1.2326050864430727e-06,-72.65776824951172,-72.65776824951172
11,23,0.2150897979736328,-0.015011023611771387,0.4617585837841034,1.6555625200271606,0.5,1.697922471066704e-06,117.73677062988281,117.73677062988281
11,24,-0.5789097547531128,-0.04320596016883848,-0.3374282419681549,1.6382718086242676,0.5,1.9628857899078866e-06,-146.37582397460938,-146.37582397460938
11,25,0.04669526219367981,-0.03871089905071256,0.322597861289978,1.753008484840393,0.5,5.319160436556558e-07,29.18201446533203,29.18201446533203
11,26,-0.08454053103923798,-0.04100238065013883,0.15483435988426208,1.6312495470046997,0.5,4.093444204045227e-06,17.627092361450195,17.627092361450195
11,27,-0.0640639141201973,-0.04215545732364175,0.18063807487487793,1.6490066051483154,0.5,2.697605850698892e-06,26.330013275146484,26.330013275146484
11,28,-0.16096878051757812,-0.048096123483338575,0.06447815895080566,1.5848231315612793,0.5,1.526419055153383e-06,-34.89188766479492,-34.89188766479492
11,29,0.10832715779542923,-0.04027495941940017,0.25362345576286316,1.3176541328430176,0.5,1.203350166179007e-06,68.8497543334961,68.8497543334961
12,0,-0.054656267166137695,-0.0027328133583068874,0.16969728469848633,1.5811784267425537,0.5,0.0,-3.7771949768066406,-3.7771949768066406
12,1,0.2560766935348511,0.010207661986351022,0.433922678232193,1.4261531829833984,0.5,2.6139304054595414e-08,99.71983337402344,99.71983337402344
12,2,-0.0009274110198020935,0.009650908336043365,0.26021188497543335,1.7037975788116455,0.5,7.440443994255475e-08,21.82217788696289,21.82217788696289
12,3,0.0995686948299408,0.014146797660738241,0.24369865655899048,1.313766360282898,0.5,1.3211378302457888e-07,89.06390380859375,89.06390380859375
12,4,0.29708313941955566,0.028293614748679127,0.5090857744216919,1.5400086641311646,0.5,5.824998652315116e-07,103.97587585449219,103.97587585449219
12,5,-0.20805248618125916,0.016476309702182203,-0.009670831263065338,1.4946054220199585,0.5,2.422082729935937e-07,-67.22110748291016,-67.22110748291016
12,6,-0.11267958581447601,0.010018514926349285,0.04323909431695938,1.3530622720718384,0.5,1.63646927830996e-06,-29.555110931396484,-29.555110931396484
12,7,-0.23018205165863037,-0.0019915134028997087,0.015071988105773926,1.6508467197418213,0.5,3.2954906714621757e-07,-62.215370178222656,-62.215370178222656
12,8,0.15766724944114685,0.0059914247393026265,0.33591148257255554,1.427480697631836,0.5,2.224317995569436e-06,73.79168701171875,73.79168701171875
12,9,0.08394823968410492,0.009889265486542745,0.3034999668598175,1.5651724338531494,0.5,1.226369363394042e-06,24.689271926879883,24.689271926879883
12,10,0.2420729398727417,0.021498449205852702,0.39970749616622925,1.3587816953659058,0.5,1.8020741663349327e-06,129.55572509765625,129.55572509765625
12,11,0.3951951265335083,0.040183283072235496,0.5314472913742065,1.287507176399231,0.5,4.8780875658849254e-06,137.9398193359375,137.9398193359375
12,12,0.35029563307762146,0.05568890057250481,0.3721698522567749,0.9062474966049194,0.5,1.1806330803665332e-05,125.97024536132812,125.97024536132812
12,13,0.23829787969589233,0.06481934952867419,0.49634748697280884,1.6934986114501953,0.5,7.4073336691071745e-06,72.39722442626953,72.39722442626953
12,14,-0.38905224204063416,0.04212576995020875,-0.25837939977645874,1.2689094543457031,0.5,4.71193243356538e-06,-127.22344207763672,-127.22344207763672
12,15,0.24224373698234558,0.0521316683018156,0.3715389370918274,1.264317274093628,0.5,1.1166870535816997e-05,73.80281066894531,73.80281066894531
12,16,-0.184526264667511,0.04029877165334926,0.017641514539718628,1.5072261095046997,0.5,1.656904714764096e-05,-99.76626586914062,-99.76626586914062
12,17,0.06918276101350784,0.04174297112135719,0.1911386102437973,1.2398529052734375,0.5,1.3065846360404976e-05,35.293312072753906,35.293312072753906
12,18,0.1390133500099182,0.046606490065785246,0.3521996736526489,1.5439543724060059,0.5,1.0218909665127285e-05,28.95760154724121,28.957603454589844
12,19,0.40957629680633545,0.06475498040281277,0.57001793384552,1.3681387901306152,0.5,1.7445541743654758e-05,140.9713897705078,140.9713897705078
12,20,0.5070488452911377,0.08686967364722903,0.5964004397392273,1.1311719417572021,0.5,1.4680359527119435e-05,179.6459503173828,179.6459503173828
12,21,0.034452199935913086,0.08424879996166323,0.3028491139411926,1.7279897928237915,0.5,1.0185296559939161e-05,-25.20752716064453,-25.2075252532959
12,22,-0.05372142791748047,0.07735028856770604,0.08274737000465393,1.2882293462753296,0.5,8.141557373164687e-06,-1.8905372619628906,-1.8905364274978638
12,23,0.3521590232849121,0.09109072530356635,0.5762161016464233,1.5801900625228882,0.5,8.709667781658936e-06,117.40475463867188,117.40475463867188
12,24,0.06787857413291931,0.089930117745034,0.28378158807754517,1.5530098676681519,0.5,1.3565927474701311e-05,30.499496459960938,30.49949836730957
12,25,-0.09575837105512619,0.08064569330502598,0.05061076581478119,1.321230411529541,0.5,2.638116893649567e-05,-77.69159698486328,-77.69159698486328
12,26,0.3479496240615845,0.09401088984285391,0.6535527110099792,1.8520102500915527,0.5,2.6580662506603403e-06,125.59242248535156,125.59242248535156
12,27,0.3398433327674866,0.10630251198908555,0.48350441455841064,1.3122038841247559,0.5,2.2942998839425854e-05,102.05024719238281,102.05024719238281
12,28,-0.23129601776599884,0.08942258550133132,-0.04801074415445328,1.4442843198776245,0.5,2.2688227545586415e-05,-96.69857788085938,-96.69857788085938
12,29,0.21149471402168274,0.0955261919273489,0.4755624532699585,1.7135590314865112,0.5,3.346805215187487e-06,56.308467864990234,56.308467864990234
0,0,0.20586919784545898,0.010293459892272958,0.4684462547302246,1.7085902690887451,0.5,0.0,84.54096984863281,84.54096984863281
0,1,-0.025379180908203125,0.00850982785224915,0.24017561972141266,1.7185158729553223,0.5,2.310316604692275e-09,-8.664016723632812,-8.664016723632812
0,2,0.6031261086463928,0.03824064189195636,0.8027449250221252,1.4987292289733887,0.5,1.1481683159786371e-08,238.9233856201172,238.9233856201172
0,3,0.2991179823875427,0.051284508916735694,0.5532129406929016,1.68031644821167,0.5,1.0798533622846662e-08,109.146484375,109.146484375
0,4,0.15634536743164062,0.056537551842480945,0.39813974499702454,1.6393146514892578,0.5,5.1322473382242606e-08,45.711181640625,45.711181640625
0,5,0.27573707699775696,0.06749752810024476,0.4763076603412628,1.5019019842147827,0.5,7.846472271921812e-08,80.42354583740234,80.42354583740234
0,6,0.4491022825241089,0.08657776582143797,0.7296366095542908,1.7684478759765625,0.5,3.37136363270929e-08,160.97039794921875,160.97039794921875
0,7,0.1833111047744751,0.09141443276908984,0.39334478974342346,1.5334457159042358,0.5,1.050112956590965e-07,36.902286529541016,36.902286529541016
0,8,0.34329235553741455,0.10400832890750608,0.5667755007743835,1.5782772302627563,0.5,2.37903407196427e-07,106.98077392578125,106.98077392578125
0,9,0.27208203077316284,0.11241201400078893,0.4486936926841736,1.4220387935638428,0.5,2.2034180346963694e-07,61.79130554199219,61.79130554199219
0,10,-0.10775314271450043,0.10140375616502445,0.2241349071264267,1.939626693725586,0.5,7.763650700098879e-08,-100.6456069946289,-100.6456069946289
0,11,0.21737980842590332,0.10720255877806839,0.40206608176231384,1.4489542245864868,0.5,4.0929575106929406e-07,52.20258712768555,52.20258712768555
0,12,0.3787229061126709,0.12077857614479853,0.6346912980079651,1.6865612268447876,0.5,2.1117131154824165e-07,110.0149917602539,110.0149917602539
0,13,0.16381508111953735,0.12293040139353548,0.49329614639282227,1.9316036701202393,0.5,1.763360728546104e-07,17.877399444580078,17.877399444580078
0,14,0.35616350173950195,0.1345920564108338,0.5311171412467957,1.4165122509002686,0.5,5.327700591806206e-07,96.90696716308594,96.90696716308594
0,15,0.2933579385280609,0.14253035051669516,0.5211528539657593,1.5926496982574463,0.5,4.6557303789995785e-07,63.549896240234375,63.549896240234375
0,16,0.0680961012840271,0.13880863805506174,0.28065165877342224,1.5418517589569092,0.5,8.206513939512661e-07,-37.29999542236328,-37.29999542236328
0,17,0.1223825067281723,0.13798733148871728,0.42933720350265503,1.856515645980835,0.5,2.428818675070943e-07,-7.196727752685547,-7.196727752685547
0,18,0.10481826961040497,0.13632887839480165,0.35442230105400085,1.6653468608856201,0.5,3.409774080864736e-07,-17.30730628967285,-17.30730628967285
0,19,0.28036007285118103,0.14353043811762062,0.40199604630470276,1.2387865781784058,0.5,1.452675974178419e-06,66.05961608886719,66.05961608886719
0,20,0.22357575595378876,0.14753270400942903,0.5160088539123535,1.8081105947494507,0.5,3.615771788645361e-07,23.71587371826172,23.71587371826172
0,21,0.5204740166664124,0.1661797696422782,0.7262124419212341,1.5191279649734497,0.5,6.120006332821504e-07,152.32806396484375,152.32806396484375
0,22,-0.05483914166688919,0.15512882407681983,0.14036555588245392,1.4840154647827148,0.5,1.0536625723034376e-06,-81.05632019042969,-81.05632019042969
0,23,0.4043777585029602,0.16759127079812686,0.5664966702461243,1.3737298250198364,0.5,1.5773194945722935e-06,97.04678344726562,97.04678344726562
0,24,0.07024870067834854,0.16272414229213794,0.3327862322330475,1.708458423614502,0.5,1.1610893579927506e-06,-43.850502014160156,-43.850502014160156
0,25,0.4223591387271881,0.17570589211389046,0.6104356050491333,1.4602547883987427,0.5,8.898947498892085e-07,108.370361328125,108.370361328125
0,26,0.6996822357177734,0.20190470929408463,0.8746250867843628,1.4164760112762451,0.5,2.2707299649482593e-06,213.19534301757812,213.19534301757812
0,27,0.2016984075307846,0.20189439420591965,0.46086397767066956,1.697218418121338,0.5,1.3581081930169603e-06,-7.227685928344727,-7.227685928344727
0,28,0.08730540424585342,0.19616494470791634,0.3782266676425934,1.8030707836151123,0.5,1.193867547044647e-06,-54.317588806152344,-54.317588806152344
0,29,0.6921420693397522,0.22096380093950815,0.8777285814285278,1.451954960823059,0.5,2.5421818463655654e-06,204.98098754882812,204.98098754882812
1,0,0.1777690351009369,0.008888451755046852,0.3427419066429138,1.3832427263259888,0.5,0.0,103.76741027832031,103.76741027832031
1,1,0.5199849009513855,0.0344432742148638,0.6635726094245911,1.3119590282440186,0.5,1.5303169842439956e-09,218.2392578125,218.2392578125
1,2,0.0387183278799057,0.034657026898115895,0.13101467490196228,1.140987753868103,0.5,1.4214051269334504e-08,17.95315170288086,17.95315170288086
1,3,-0.1925399750471115,0.02329717680085451,-0.10170901566743851,1.1361032724380493,0.5,6.09813071150711e-08,-90.65165710449219,-90.65165710449219
1,4,0.14764781296253204,0.029514708608938393,0.3221622705459595,1.4150482416152954,0.5,3.3699876667014905e-08,64.6856918334961,64.6856918334961
1,5,-0.3737437129020691,0.009351787533388,-0.28277474641799927,1.1365633010864258,0.5,2.629811604037968e-07,-127.51676940917969,-127.51676940917969
1,6,0.1365310698747635,0.01571075165045678,0.25176146626472473,1.2174346446990967,0.5,6.871344737646723e-08,52.59243392944336,52.59243392944336
1,7,0.0924273282289505,0.01954658047938147,0.32080259919166565,1.5945841073989868,0.5,7.957684999837511e-08,36.82096481323242,36.82096481323242
1,8,-0.3855751156806946,-0.0007095043286223512,-0.29866698384284973,1.1230270862579346,0.5,1.8494658604595315e-07,-175.9228515625,-175.9228515625
1,9,0.2388429343700409,0.011268117606310822,0.3774791359901428,1.2954539060592651,0.5,1.4065541620311706e-07,107.20228576660156,107.20228576660156
1,10,-0.25027215480804443,-0.0018088960144069521,-0.05890807509422302,1.4712135791778564,0.5,8.031115612538997e-07,-91.33322143554688,-91.33322143554688
1,11,-0.2346615046262741,-0.01345152644500032,-0.07208795845508575,1.3752450942993164,0.5,4.3354560830266564e-07,-53.97541427612305,-53.97541427612305
1,12,0.43266528844833374,0.008854314299666401,0.5724619626998901,1.2993223667144775,0.5,3.540085629083478e-07,187.75146484375,187.75146484375
1,13,0.2160879373550415,0.019215995452435165,0.39193469285964966,1.4194892644882202,0.5,3.5581268775786157e-07,97.68118286132812,97.68118286132812
1,14,0.15550637245178223,0.026030514302402524,0.37971794605255127,1.5807052850723267,0.5,9.311915505350044e-08,58.96310806274414,58.96310806274414
1,15,-0.316699743270874,0.008894001423738682,-0.22796407341957092,1.1291189193725586,0.5,1.8781834114633966e-06,-113.90831756591797,-113.90831756591797
1,16,0.26781585812568665,0.021840094258836092,0.3412323594093323,1.0780550241470337,0.5,1.7293668861384504e-06,112.6421890258789,112.6421890258789
1,17,0.25977686047554016,0.03373693256967131,0.3846195340156555,1.2494754791259766,0.5,1.3106686083119712e-06,119.3831787109375,119.3831787109375
1,18,-0.27248460054397583,0.018425855913988935,-0.15717478096485138,1.217699408531189,0.5,1.5277620377673884e-06,-84.16668701171875,-84.16668701171875
1,19,0.014419728890061378,0.018225549562792556,0.07147007435560226,1.0235010385513306,0.5,1.8359445448368206e-06,12.696441650390625,12.696441650390625
1,20,-0.27042320370674133,0.003793111899315851,-0.11036317050457001,1.3668667078018188,0.5,5.458854957396397e-06,-90.38291931152344,-90.38291931152344
1,21,-0.05742639675736427,0.0007321364664818423,0.05124706029891968,1.1955782175064087,0.5,5.215850364947983e-07,-21.777477264404297,-21.777477264404297
1,22,-0.31827470660209656,-0.015218205686947091,-0.22428151965141296,1.1466439962387085,0.5,2.990595476148883e-06,-99.76869201660156,-99.76869201660156
1,23,0.07976849377155304,-0.010468870714022081,0.3332972526550293,1.6784290075302124,0.5,5.108339564685593e-07,36.20157241821289,36.20157241821289
1,24,-0.36847952008247375,-0.02836940318244468,-0.3349144458770752,0.945216953754425,0.5,6.765311809431296e-06,-123.0040283203125,-123.0040283203125
1,25,-0.342393696308136,-0.04407061783872926,-0.2511913776397705,1.137341022491455,0.5,3.4979559586645337e-06,-92.3823013305664,-92.3823013305664
1,26,0.35209932923316956,-0.024262120485134302,0.6202865242958069,1.7272905111312866,0.5,4.890890750175458e-07,170.17152404785156,170.17152404785156
1,27,-0.4511428773403168,-0.04560615832789344,-0.37698549032211304,1.0805245637893677,0.5,5.200787200010382e-06,-146.69281005859375,-146.69281005859375
1,28,0.012000121176242828,-0.04272584435268663,0.20731011033058167,1.4843666553497314,0.5,3.18812340083241e-07,26.78854751586914,26.78854751586914
1,29,0.2660379409790039,-0.02728765508610209,0.4693719744682312,1.5111135244369507,0.5,8.604696972724923e-07,136.86167907714844,136.86167907714844
2,0,-0.09045583009719849,-0.004522791504859928,0.23690608143806458,1.9245396852493286,0.5,0.0,-23.72650146484375,-23.72650146484375
2,1,0.13823387026786804,0.002615041583776477,0.21235857903957367,1.0804157257080078,0.5,6.606082791904555e-09,28.987525939941406,28.987525939941406
2,2,-0.2651044726371765,-0.010770934127271184,-0.013486139476299286,1.6720610857009888,0.5,3.063115983081843e-08,-116.24256134033203,-116.24256134033203
2,3,-0.427578330039978,-0.03161130392290654,-0.3876231908798218,0.9665172696113586,0.5,3.981666196750666e-08,-106.33064270019531,-106.33064270019531
2,4,0.010192688554525375,-0.029521104299034946,0.6222353577613831,2.8734755516052246,0.5,2.2093413321044864e-08,15.954334259033203,15.954334259033203
2,5,-0.24687586724758148,-0.040388842446462285,0.10906417667865753,2.0198001861572266,0.5,1.0036507802624328e-07,-34.02253723144531,-34.02253723144531
2,6,0.3946235775947571,-0.0186382214444013,0.46514883637428284,1.0684175491333008,0.5,5.5143033250715234e-08,70.81391143798828,70.81391143798828
2,7,-0.056006208062171936,-0.020506620775289832,0.03577762469649315,1.1392793655395508,0.5,1.1569768787467183e-07,15.332006454467773,15.332006454467773
2,8,-0.2834140360355377,-0.03365199153830224,-0.06553301215171814,1.5596033334732056,0.5,1.4029942008164653e-07,-99.32162475585938,-99.32162475585938
2,9,-0.17262333631515503,-0.040600558777144885,0.11066539585590363,1.7776291370391846,0.5,1.303525323237409e-07,-123.13026428222656,-123.13026428222656
2,10,-0.4082540273666382,-0.058983232206619565,-0.07056049257516861,1.9589784145355225,0.5,3.9003248275548685e-07,-80.15423583984375,-80.15423583984375
2,11,0.20979592204093933,-0.04554427449424161,0.27718400955200195,1.0579602718353271,0.5,2.2319353831790067e-07,76.39799499511719,76.39799499511719
2,12,0.1330411285161972,-0.036615004343719657,0.43378913402557373,1.8358266353607178,0.5,2.2731245508111897e-07,50.52091979980469,50.52091979980469
2,13,-0.5020594000816345,-0.059887224130615424,-0.23903541266918182,1.7100799083709717,0.5,2.6450220502738375e-07,-204.99026489257812,-204.99026489257812
2,14,-0.2865189015865326,-0.0712188080034113,-0.12981444597244263,1.3556814193725586,0.5,3.591493111798627e-07,-109.71940612792969,-109.71940612792969
2,15,-0.45607149600982666,-0.09046144240373208,-0.35837167501449585,1.1589996814727783,0.5,3.894332394338562e-07,-152.42752075195312,-152.42752075195312
2,16,-0.10366476327180862,-0.0911216084471359,0.09751011431217194,1.5039162635803223,0.5,4.4205023641552543e-07,24.978683471679688,24.978683471679688
2,17,-0.18457889556884766,-0.09579447280322151,0.20682387053966522,2.1380090713500977,0.5,8.095141765807057e-07,-44.021148681640625,-44.021148681640625
2,18,-0.039554476737976074,-0.09298247299995922,0.19323694705963135,1.609304666519165,0.5,3.833175696854596e-07,-52.66802215576172,-52.66802215576172
2,19,-0.03740003705024719,-0.09020335120247362,0.1175224706530571,1.3497415781021118,0.5,6.038607693881204e-07,29.801664352416992,29.801664352416992
2,20,-0.44481611251831055,-0.10793398926826549,-0.34514087438583374,1.165583848953247,0.5,9.167275152321963e-07,-59.54994583129883,-59.54994583129883
2,21,0.40668919682502747,-0.08220282996360082,0.7040831446647644,1.8246464729309082,0.5,1.3345376714823942e-07,191.05032348632812,191.05032348632812
2,22,0.28993839025497437,-0.06359576895267204,0.44415751099586487,1.347396969795227,0.5,5.407115963862452e-07,150.46571350097656,150.46571350097656
2,23,-0.27598756551742554,-0.07421535878090972,-0.0037386640906333923,1.740829586982727,0.5,3.271616151323542e-07,-16.900720596313477,-16.900720596313477
2,24,-0.39644378423690796,-0.09032678005370966,-0.2132568657398224,1.4439562559127808,0.5,1.8174637261836324e-06,-84.02403259277344,-84.02403259277344
2,25,-0.15897050499916077,-0.09375896630098221,-0.04991793632507324,1.1968419551849365,0.5,1.4526320910590584e-06,35.02919387817383,35.02919387817383
2,26,-0.8749691843986511,-0.1328194772058657,-0.4641643166542053,2.2026827335357666,0.5,4.7446183089050464e-06,-264.1776428222656,-264.1776428222656
2,27,-0.06613679975271225,-0.12948534333320802,-0.017325058579444885,0.9960391521453857,0.5,1.4352052630783874e-06,22.10205841064453,22.10205841064453
2,28,-0.3908313512802124,-0.14255264373055823,-0.14677582681179047,1.646851658821106,0.5,1.4995869150880026e-06,-85.59977722167969,-85.59977722167969
2,29,0.02569672465324402,-0.1341401753113681,0.26744014024734497,1.6391445398330688,0.5,2.5736862880876288e-06,-7.918178558349609,-7.918178081512451
3,0,-0.22955477237701416,-0.011477738618850718,-0.08187737315893173,1.3255913257598877,0.5,0.0,-41.91801452636719,-41.91801452636719
3,1,-0.04791688919067383,-0.013299696147441876,0.09379217028617859,1.3056968450546265,0.5,3.042031693212266e-08,43.656978607177734,43.656978607177734
3,2,-0.8579305410385132,-0.055531238391995474,-0.5699161291122437,1.7933815717697144,0.5,2.3303856622192143e-08,-196.76702880859375,-196.76702880859375
3,3,-0.5108906030654907,-0.07829920662567026,-0.36399194598197937,1.3229954242706299,0.5,1.6683949866092007e-07,-64.60940551757812,-64.60940551757812
3,4,-0.4729572832584381,-0.09803211045730867,-0.09112352132797241,2.106112480163574,0.5,1.0073973299995487e-07,-85.06814575195312,-85.06814575195312
3,5,0.1527450680732727,-0.0854932515307796,0.3326221704483032,1.4329237937927246,0.5,2.450667011544283e-07,84.49497985839844,84.49497985839844
3,6,-0.1887935996055603,-0.09065826893451863,0.02142348885536194,1.5340571403503418,0.5,5.612628228846006e-07,-34.171417236328125,-34.171417236328125
3,7,-0.37786775827407837,-0.10501874340149664,0.04130861908197403,2.230587959289551,0.5,5.716183437698419e-08,-27.67620086669922,-27.67620086669922
3,8,-0.6380382776260376,-0.1316697201127237,-0.2428058385848999,2.1507747173309326,0.5,3.814111551037058e-07,-158.7073974609375,-158.7073974609375
3,9,0.2437041997909546,-0.11290102411753979,0.4550195038318634,1.537717580795288,0.5,4.3770745605797856e-07,131.1818084716797,131.1818084716797
3,10,-0.22582989931106567,-0.11854746787721608,0.10533574223518372,1.9372187852859497,0.5,3.2907368563428463e-07,13.480695724487305,13.480695724487305
3,11,-0.5622240900993347,-0.14073129898832204,-0.18357765674591064,2.0954880714416504,0.5,3.7760926829832897e-07,-62.556129455566406,-62.556129455566406
3,12,-0.37092888355255127,-0.15224117821653352,-0.22530169785022736,1.31875741481781,0.5,9.232859952135186e-07,0.6426162719726562,0.6426163911819458
3,13,-0.4865022301673889,-0.16895423081407632,-0.18222102522850037,1.8476040363311768,0.5,1.6884107481018873e-06,-110.68745422363281,-110.68745422363281
3,14,0.3111279606819153,-0.14495012123927672,0.6123483777046204,1.8374013900756836,0.5,9.58817054197425e-07,176.65211486816406,176.65211486816406
3,15,-0.6584029793739319,-0.17062276414600952,-0.38432419300079346,1.746929407119751,0.5,7.385085609712405e-07,-105.5095443725586,-105.5095443725586
3,16,0.08272173255681992,-0.15795553931086803,0.3527270257472992,1.7333509922027588,0.5,9.21924311114708e-07,103.60382843017578,103.60382843017578
3,17,-0.581577479839325,-0.17913663633729088,-0.3038563132286072,1.7590707540512085,0.5,1.3296551060193451e-06,-150.13890075683594,-150.13890075683594
3,18,-0.6256006956100464,-0.20145983930092867,-0.28098154067993164,1.9820640087127686,0.5,1.254991161658836e-06,-86.44683837890625,-86.44683837890625
3,19,-0.4278160035610199,-0.21277764751393324,-0.11240163445472717,1.8847146034240723,0.5,8.774215984885814e-07,-65.971435546875,-65.971435546875
3,20,-0.24091166257858276,-0.2141843482671657,0.059965722262859344,1.8362576961517334,0.5,1.875374437076971e-06,72.99163818359375,72.99163818359375
3,21,-0.9264101982116699,-0.24979564076439095,-0.5650071501731873,2.0380101203918457,0.5,9.444046327189426e-07,-192.96702575683594,-192.96702575683594
3,22,-0.37406131625175476,-0.2560089245387591,-0.1393488496541977,1.6157082319259644,0.5,2.3907662125566276e-06,9.438831329345703,9.438831329345703
3,23,-0.26766571402549744,-0.256591764013096,0.06895552575588226,1.9554041624069214,0.5,1.6761405277065933e-06,60.94117736816406,60.94117736816406
3,24,-0.5102388262748718,-0.2692741171261848,-0.09047363698482513,2.232550621032715,0.5,2.053221578535158e-06,-7.371828079223633,-7.371828079223633
3,25,-0.22781088948249817,-0.2672009557440005,0.04889179766178131,1.7556754350662231,0.5,1.530285544504295e-06,72.62806701660156,72.62806701660156
3,26,-0.3215407133102417,-0.2699179436223126,-0.02618446946144104,1.8178540468215942,0.5,2.2294032078207238e-06,52.651451110839844,52.651451110839844
3,27,-0.5409046411514282,-0.28346727849876835,-0.21948765218257904,1.9047231674194336,0.5,1.1847378118545748e-06,-12.931473731994629,-12.931473731994629
3,28,-0.21191191673278809,-0.27988951041046933,0.11208269000053406,1.9133152961730957,0.5,3.1704553293820936e-06,89.14311981201172,89.14311981201172
3,29,0.2940848171710968,-0.251190794031391,0.5524149537086487,1.6944336891174316,0.5,4.68002963316394e-06,180.60678100585938,180.60678100585938
4,0,0.4734008014202118,0.02367004007101061,0.7257791757583618,1.6745942831039429,0.5,0.0,188.58314514160156,188.58314514160156
4,1,0.28165069222450256,0.03656907267868522,0.6222781538963318,1.9687579870224,0.5,4.815002618840936e-09,104.62886810302734,104.62886810302734
4,2,0.2747347950935364,0.04847735879942779,0.4670795202255249,1.4744821786880493,0.5,3.252762326155789e-08,89.04359436035156,89.04359436035156
4,3,0.27623045444488525,0.05986501358170068,0.5215200185775757,1.6509650945663452,0.5,4.865367131401399e-08,86.26008605957031,86.26008605957031
4,4,0.4534837603569031,0.07954595092046082,0.7555227875709534,1.840130090713501,0.5,9.423136759778572e-08,155.42782592773438,155.42782592773438
4,5,0.3863804340362549,0.09488767507625054,0.6141306757926941,1.5925008058547974,0.5,3.5652257679430477e-07,115.4576644897461,115.4576644897461
4,6,0.22335441410541534,0.10131101202770879,0.4974512457847595,1.7469892501831055,0.5,2.1855261422842887e-07,49.00902557373047,49.00902557373047
4,7,0.2640353739261627,0.1094472301226315,0.48915234208106995,1.5837233066558838,0.5,3.719565313531348e-07,62.66875457763672,62.66875457763672
4,8,0.3628084659576416,0.12211529191438202,0.6776845455169678,1.882920265197754,0.5,2.6136081032746006e-07,101.77144622802734,101.77144622802734
4,9,0.5075191855430603,0.14138548659581593,0.6959701180458069,1.461503267288208,0.5,8.501932597937412e-07,146.87644958496094,146.87644958496094
4,10,0.09978503733873367,0.13930546413296183,0.385623574256897,1.7861284017562866,0.5,4.945970317749016e-07,-14.610649108886719,-14.610649108886719
4,11,0.10829786956310272,0.13775508440446885,0.3382311463356018,1.5997775793075562,0.5,9.670217195889563e-07,-18.44221305847168,-18.44221305847168
4,12,-0.08048434555530548,0.12684311290648012,0.1849018931388855,1.7179540395736694,0.5,3.152549652440939e-07,-92.58882904052734,-92.58882904052734
4,13,0.15800721943378448,0.12840131823284534,0.46254321932792664,1.848453164100647,0.5,6.44267004190624e-07,9.595744132995605,9.595744132995605
4,14,0.3258192539215088,0.13827221501727852,0.5936787724494934,1.7261981964111328,0.5,1.6597585954514216e-06,73.09162139892578,73.09162139892578
4,15,0.19967573881149292,0.14134239120698922,0.38333937525749207,1.4455453157424927,0.5,3.7570598578895442e-06,16.630237579345703,16.630237579345703
4,16,0.14276543259620667,0.1414135432764501,0.40680992603302,1.7134814262390137,0.5,1.3568960639531724e-06,-4.036743640899658,-4.036743640899658
4,17,0.1870533525943756,0.14369553374234637,0.4119623601436615,1.583030104637146,0.5,2.1799519345222507e-06,18.20358657836914,18.20358657836914
4,18,0.23560386896133423,0.14829095050329577,0.5249017477035522,1.7976596355438232,0.5,5.823044375574682e-07,34.93898391723633,34.93898391723633
4,19,0.22087141871452332,0.15191997391385714,0.43519967794418335,1.5477606058120728,0.5,2.0835282157349866e-06,25.411853790283203,25.411853790283203
4,20,0.0386904776096344,0.146258499098646,0.33898094296455383,1.8343015909194946,0.5,5.940458436271001e-07,-49.847835540771484,-49.847835540771484
4,21,0.6257011890411377,0.17023063359577062,0.8410012125968933,1.5509998798370361,0.5,3.1897063763608458e-06,187.0936279296875,187.0936279296875
4,22,-0.008165419101715088,0.16131083096089632,0.2223409116268158,1.6016877889633179,0.5,5.3484277486859355e-06,-81.82872772216797,-81.82872772216797
4,23,0.012783398851752281,0.15388445935543912,0.2784837782382965,1.719001293182373,0.5,2.8914819267811254e-06,-59.72748565673828,-59.72748565673828
4,24,-0.01718224585056305,0.14533112409513899,0.26584964990615845,1.7767728567123413,0.5,1.336456762146554e-06,-64.04948425292969,-64.04948425292969
4,25,0.08647453784942627,0.14238829478285334,0.3035566806793213,1.5569403171539307,0.5,6.447432042477885e-06,-31.421009063720703,-31.421009063720703
4,26,0.4520756006240845,0.1578726600749149,0.65590900182724,1.5127779245376587,0.5,9.719457921164576e-06,109.3127670288086,109.3127670288086
4,27,0.19748660922050476,0.15985335753219437,0.4481000304222107,1.668711543083191,0.5,2.5314602680737153e-06,18.383846282958984,18.383846282958984
4,28,0.2400703728199005,0.16386420829657966,0.421315997838974,1.4374853372573853,0.5,8.470329703413881e-06,21.823808670043945,21.823808670043945
4,29,0.1703663468360901,0.16418931522355518,0.5036165714263916,1.9441672563552856,0.5,1.882106175798981e-06,-3.4076271057128906,-3.4076268672943115
5,0,0.2595590353012085,0.012977951765060437,0.5911602973937988,1.9386707544326782,0.5,0.0,102.51603698730469,102.51603698730469
5,1,0.2313745766878128,0.023897783011198066,0.5038663148880005,1.7416391372680664,0.5,4.564757460912006e-09,76.95240020751953,76.95240020751953
5,2,0.5960647463798523,0.0525061311796308,0.8623472452163696,1.720941424369812,0.5,6.26078531240637e-08,221.01736450195312,221.01736450195312
5,3,0.31384286284446716,0.06557296776287264,0.6348161101341248,1.9032442569732666,0.5,1.3390616970809788e-07,92.22135925292969,92.22135925292969
5,4,0.5622829794883728,0.09040846834914766,0.8278794884681702,1.7186548709869385,0.5,1.1569916296139127e-06,182.98641967773438,182.98641967773438
5,5,0.23364464938640594,0.09757027740101058,0.49985471367836,1.7207001447677612,0.5,3.925625833289814e-07,55.484161376953125,55.484161376953125
5,6,0.3663887083530426,0.1110111989486122,0.6478898525238037,1.7716704607009888,0.5,2.1249450128379976e-06,85.30490112304688,85.30490112304688
5,7,0.30993080139160156,0.12095717907076167,0.553155779838562,1.6440831422805786,0.5,1.5185447637122707e-06,79.61758422851562,79.61758422851562
5,8,0.49672427773475647,0.13974553400396145,0.8361624479293823,1.9647938013076782,0.5,2.0579371096118848e-07,134.71871948242188,134.71871948242188
5,9,0.394447922706604,0.1524806534390936,0.703822910785675,1.8645832538604736,0.5,1.203075726152747e-06,79.29242706298828,79.29242706298828
5,10,0.3585970997810364,0.16278647575619073,0.6336224675178528,1.750084638595581,0.5,1.8026460111286724e-06,87.4845199584961,87.4845199584961
5,11,0.20963403582572937,0.16512885375966768,0.551122784614563,1.971629023551941,0.5,5.8912041822623e-07,19.10284423828125,19.10284423828125
5,12,0.13906550407409668,0.16382568627538913,0.4821222126483917,1.9768556356430054,0.5,4.211199211567873e-06,-3.7634925842285156,-3.7634921073913574
5,13,0.17540353536605835,0.1644045787299226,0.4577966332435608,1.7746435403823853,0.5,1.0045336011899053e-06,14.14678955078125,14.14678955078125
5,14,0.28628602623939514,0.17049865110539622,0.5500407218933105,1.7125154733657837,0.5,1.5836383226996986e-06,49.58612823486328,49.58612823486328
5,15,0.5204845666885376,0.18799794688455332,0.7730558514595032,1.6752376556396484,0.5,9.653363122197334e-06,123.88555908203125,123.88555908203125
5,16,0.34385254979133606,0.19579067702989247,0.6269280910491943,1.7769184112548828,0.5,1.0830957535290509e-06,65.05785369873047,65.05785369873047
5,17,0.2589479088783264,0.19894853862231415,0.5808545351028442,1.9063555002212524,0.5,9.250283596884401e-07,34.60612487792969,34.60612487792969
5,18,0.40090465545654297,0.2090463444640256,0.6524372696876526,1.6717753410339355,0.5,1.4751964272363693e-06,82.28486633300781,82.28486633300781
5,19,0.3468984067440033,0.21593894757802448,0.6312723159790039,1.7812460660934448,0.5,3.6385863495524973e-06,58.63661575317383,58.63661575317383
5,20,0.6181211471557617,0.23604805755691136,0.8886101245880127,1.7349635362625122,0.5,1.596720721863676e-05,155.1743621826172,155.1743621826172
5,21,0.1677844524383545,0.2326348773009835,0.4108012318611145,1.6433892250061035,0.5,7.885490049375221e-06,-31.270164489746094,-31.270164489746094
5,22,0.4833289682865143,0.24516958185026005,0.7877991199493408,1.8482338190078735,0.5,2.0235047486494295e-06,100.35401153564453,100.35401153564453
5,23,-0.09469004720449448,0.2281766003975223,0.17690740525722504,1.73865807056427,0.5,1.6294186480081407e-06,-117.83468627929688,-117.83468627929688
5,24,0.3609025478363037,0.23481289776946138,0.6536421179771423,1.8091319799423218,0.5,2.2943081603443716e-06,49.49458312988281,49.49458312988281
5,25,0.4352572560310364,0.24483511568254016,0.7290621995925903,1.81268310546875,0.5,8.70973144628806e-06,77.8294677734375,77.8294677734375
5,26,0.47119268774986267,0.2561529942859063,0.7883331775665283,1.8904683589935303,0.5,4.022666871605907e-06,81.64067077636719,81.64067077636719
5,27,0.10665769875049591,0.2486782295091358,0.36405494809150696,1.69132399559021,0.5,5.867275831406005e-06,-49.48899841308594,-49.48899841308594
5,28,0.322482168674469,0.25236842646740243,0.6275231838226318,1.850136637687683,0.5,3.758854290936142e-06,23.977556228637695,23.977556228637695
5,29,0.5444098711013794,0.2669704986991013,0.8306715488433838,1.787539005279541,0.5,1.2909057659271639e-05,115.20962524414062,115.20962524414062
6,0,0.08052628487348557,0.004026314243674282,0.3129478693008423,1.60807204246521,0.5,0.0,44.94439697265625,44.94439697265625
6,1,0.2230137586593628,0.014975686464458716,0.41678088903427124,1.479223608970642,0.5,9.185743721218387e-09,78.88935089111328,78.88935089111328
6,2,-0.017791152000427246,0.013337344541214416,0.2419554591178894,1.6991552114486694,0.5,2.7863883644840826e-08,1.769327163696289,1.769327163696289
6,3,0.09450504183769226,0.017395729406038313,0.35672882199287415,1.707412838935852,0.5,1.0130862193591383e-07,36.7459831237793,36.7459831237793
6,4,0.6035559773445129,0.04670374180296207,0.7298130989074707,1.2541906833648682,0.5,2.454380876315554e-07,202.08819580078125,202.08819580078125
6,5,0.07670199126005173,0.048203654275816556,0.3489226996898651,1.7407357692718506,0.5,6.046688127980815e-08,28.537256240844727,28.537256240844727
6,6,0.06901873648166656,0.04924440838610906,0.24722610414028168,1.427357792854309,0.5,2.8142540031694807e-07,16.461406707763672,16.461406707763672
6,7,0.062411002814769745,0.049902738107542095,0.25860804319381714,1.48732328414917,0.5,3.0948109497330734e-07,19.433456420898438,19.433456420898438
6,8,0.17867136001586914,0.05634116920295845,0.4582982659339905,1.765423059463501,0.5,7.682851332901919e-07,59.581321716308594,59.581321716308594
6,9,-0.18323998153209686,0.04436211166620568,0.06225041300058365,1.6516344547271729,0.5,3.5639018847177795e-07,-55.79425811767578,-55.79425811767578
6,10,0.10638992488384247,0.047463502327087514,0.39592471718788147,1.7984492778778076,0.5,8.770395538704179e-07,35.56378173828125,35.56378173828125
6,11,0.31630975008010864,0.06090581471473858,0.5508226156234741,1.615042805671692,0.5,1.1643228390312288e-06,94.88099670410156,94.88099670410156
6,12,0.6066449880599976,0.08819277338200156,0.8376587629318237,1.6033791303634644,0.5,1.155948098130466e-06,204.05014038085938,204.05014038085938
6,13,0.1252983808517456,0.09004805375548876,0.3361831307411194,1.5362825393676758,0.5,1.476003490097355e-06,24.39661979675293,24.39661979675293
6,14,-0.0636129230260849,0.08236500491641008,0.22617535293102264,1.7992942333221436,0.5,1.6310160617649672e-06,-34.910865783691406,-34.910865783691406
6,15,0.288745254278183,0.09268401738449873,0.5142797827720642,1.5851150751113892,0.5,2.168733999496908e-06,75.62754821777344,75.62754821777344
6,16,0.3066842555999756,0.10338402929527257,0.5029547810554504,1.4875684976577759,0.5,3.7398035601654556e-06,77.03717041015625,77.03717041015625
6,17,0.13912877440452576,0.10517126655073523,0.29176098108291626,1.3421072959899902,0.5,3.5899697650165763e-06,24.59111785888672,24.59111785888672
6,18,-0.30338728427886963,0.08474333900925497,0.06872070580720901,2.07369327545166,0.5,1.3261176263767993e-06,-129.12266540527344,-129.12266540527344
6,19,0.33678683638572693,0.09734551387807858,0.5558637976646423,1.5635898113250732,0.5,3.964456027460983e-06,93.16459655761719,93.16459655761719
6,20,0.38146913051605225,0.11155169470997726,0.6213369965553284,1.6328928470611572,0.5,6.57542568660574e-06,96.37347412109375,96.37347412109375
6,21,-0.21446175873279572,0.0952510220378386,0.09014412760734558,1.8486864566802979,0.5,3.0810701900918502e-06,-91.2750015258789,-91.2750015258789
6,22,0.2742798626422882,0.1042024640680611,0.5028941631317139,1.5953809022903442,0.5,4.793786956724944e-06,67.2551040649414,67.2551040649414
6,23,0.2220730185508728,0.11009599179220168,0.42108768224716187,1.4967155456542969,0.5,7.174795882747276e-06,45.98625183105469,45.98625183105469
6,24,-0.08505062758922577,0.10033866082313031,0.13741880655288696,1.5748980045318604,0.5,4.65970470031607e-06,-41.84492111206055,-41.84492111206055
6,25,0.36141806840896606,0.1133926312024221,0.5208903551101685,1.3649075031280518,0.5,7.773034667479806e-06,97.2891845703125,97.2891845703125
6,26,-0.14106594026088715,0.10066970262925663,0.11845017969608307,1.6983871459960938,0.5,9.640603821026161e-06,-67.8847885131836,-67.8847885131836
6,27,0.10700121521949768,0.10098627825876869,0.27653223276138306,1.3984366655349731,0.5,9.858895282377489e-06,13.427125930786133,13.42712688446045
6,28,0.0227486714720726,0.09707439791943388,0.27859485149383545,1.6861536502838135,0.5,4.55100735052838e-06,2.9023818969726562,2.9023823738098145
6,29,0.3684837818145752,0.11064486711419097,0.5051870942115784,1.289011001586914,0.5,1.961436828423757e-05,89.86905670166016,89.86905670166016
7,0,0.12170173227787018,0.006085086613893514,0.3263370096683502,1.5154508352279663,0.5,0.0,65.54908752441406,65.54908752441406
7,1,-0.39372116327285767,-0.013905225880444062,-0.15418796241283417,1.631777286529541,0.5,1.0081729584499044e-07,-83.1312026977539,-83.1312026977539
7,2,0.38370993733406067,0.005975532280281191,0.7019621133804321,1.8941739797592163,0.5,4.017352850382849e-08,132.2842559814453,132.2842559814453
7,3,0.385564923286438,0.024955001830589046,0.5967481136322021,1.5372772216796875,0.5,2.5024087690894703e-08,135.93907165527344,135.93907165527344
7,4,0.15684226155281067,0.031549364816700134,0.3495641052722931,1.4757394790649414,0.5,3.4621018585312413e-07,67.79501342773438,67.79501342773438
7,5,-0.06521330773830414,0.026711231188949917,0.14981940388679504,1.5501090288162231,0.5,6.093339948165521e-07,-3.973501205444336,-3.973501205444336
7,6,0.05708007514476776,0.02822967338674081,0.25753551721572876,1.50151789188385,0.5,7.454393085026823e-07,30.999019622802734,30.999019622802734
7,7,0.34011825919151306,0.043824102676979435,0.6399398446083069,1.8327386379241943,0.5,3.684004639126215e-07,111.6035385131836,111.6035385131836
7,8,-0.13846845924854279,0.034709474580703316,0.06133081018924713,1.499330759048462,0.5,1.8080033896694658e-06,-26.054996490478516,-26.054996490478516
7,9,0.42662036418914795,0.054305019061125566,0.5917525887489319,1.3837740421295166,0.5,4.3711327180062653e-07,124.79267120361328,124.79267120361328
7,10,0.400651216506958,0.0716223289334172,0.6564529538154602,1.68600594997406,0.5,1.89554725693597e-06,120.29586029052734,120.29586029052734
7,11,0.24793019890785217,0.08043772243213897,0.5295195579528809,1.771964430809021,0.5,2.1983364604238886e-06,61.237159729003906,61.237159729003906
7,12,0.4134112298488617,0.09708639780297512,0.6309242844581604,1.5583770275115967,0.5,1.2132625215599546e-06,119.69470977783203,119.69470977783203
7,13,0.20462192595005035,0.1024631742103289,0.6449183225631714,2.300987720489502,0.5,1.9374347175471485e-06,35.23554229736328,35.23554229736328
7,14,0.07652360200881958,0.10116619560025343,0.41159433126449585,1.9502357244491577,0.5,1.0106856507263728e-06,10.745182037353516,10.745182037353516
7,15,0.13124588131904602,0.10267017988619306,0.346938818693161,1.5523098707199097,0.5,8.107509529509116e-06,36.153724670410156,36.153724670410156
7,16,0.09748195111751556,0.10241076844775919,0.3340756297111511,1.621978759765625,0.5,1.214995108966832e-06,14.937385559082031,14.937385559082031
7,17,0.2154436856508255,0.10806241430791251,0.7133392095565796,2.4929850101470947,0.5,1.5513118114540703e-06,28.59776496887207,28.59776496887207
7,18,-0.030826270580291748,0.1011179800635023,0.2472156137228012,1.7601394653320312,0.5,4.1203088585461956e-06,-28.953248977661133,-28.953248977661133
7,19,0.2630254626274109,0.10921335419169774,0.454140305519104,1.4703826904296875,0.5,7.196752449090127e-06,71.84523010253906,71.84523010253906
7,20,0.06627225875854492,0.10706629942004009,0.2188604772090912,1.3419606685638428,0.5,6.93487254466163e-06,13.442663192749023,13.44266414642334
7,21,-0.5527185797691345,0.07407705546058133,-0.26084333658218384,1.806250810623169,0.5,4.409887878864538e-06,-170.73699951171875,-170.73699951171875
7,22,0.08711646497249603,0.07472902593617707,0.2426854372024536,1.3518965244293213,0.5,2.8855426990048727e-06,28.376224517822266,28.376224517822266
7,23,0.31225889921188354,0.0866055195999624,0.4462352991104126,1.2799211740493774,0.5,1.0792826287797652e-05,91.94759368896484,91.94759368896484
7,24,0.03865763545036316,0.08420812539248244,0.3970353305339813,2.027925491333008,0.5,1.0082485459861346e-05,10.06517505645752,10.065176010131836
7,25,-0.10078732669353485,0.07495835278818157,0.42230185866355896,2.5769639015197754,0.5,3.2717503017920535e-06,-68.3587417602539,-68.3587417602539
7,26,0.2851842939853668,0.08546964984804084,0.5433074831962585,1.6937438249588013,0.5,3.4165325359936105e-06,91.66607666015625,91.66607666015625
7,27,0.27956318855285645,0.09517432678328164,0.4793625771999359,1.4993313550949097,0.5,4.580993845593184e-06,67.37276458740234,67.37276458740234
7,28,0.33361712098121643,0.10709646649317839,0.527054488658905,1.478124737739563,0.5,1.3439598660625052e-05,101.9337158203125,101.9337158203125
7,29,0.491421103477478,0.1263126983423934,0.6786516308784485,1.457434892654419,0.5,9.302719263359904e-06,133.52088928222656,133.52088928222656
8,0,-0.17821025848388672,-0.008910512924194343,0.06203955411911011,1.6341661214828491,0.5,0.0,-25.26793670654297,-25.26793670654297
8,1,0.06734789162874222,-0.005097592696547511,0.3379044234752655,1.7351882457733154,0.5,1.1198508786947059e-08,50.622467041015625,50.622467041015625
8,2,-0.035708218812942505,-0.006628124002367262,0.19215135276317596,1.5928651094436646,0.5,8.452932576119565e-08,4.453214645385742,4.453214645385742
8,3,-0.0010757893323898315,-0.00635050726886839,0.25889724493026733,1.699910044670105,0.5,7.815528135779459e-08,35.31574630737305,35.31574630737305
8,4,-0.44698649644851685,-0.028382306727850835,-0.19599026441574097,1.669987440109253,0.5,2.908134604240331e-07,-174.9751434326172,-174.9751434326172
8,5,0.19953575730323792,-0.016986403526296386,0.41343480348587036,1.546330213546753,0.5,1.00407255843038e-07,119.10031127929688,119.10031127929688
8,6,0.06076554208993912,-0.013098806245484606,0.3493584394454956,1.7953095436096191,0.5,2.6514857154325e-07,63.03496170043945,63.03496170043945
8,7,0.5035498738288879,0.012733627758234042,0.7062994241714478,1.5091649293899536,0.5,1.682979018369224e-07,217.33592224121094,217.33592224121094
8,8,0.038192249834537506,0.014006558862049217,0.29809463024139404,1.6996742486953735,0.5,6.449481588788331e-07,59.25141906738281,59.25141906738281
8,9,0.11221657693386078,0.0189170597656398,0.3305116891860962,1.560983657836914,0.5,2.4041725055212737e-07,76.2157974243164,76.2157974243164
8,10,0.2016042172908783,0.028051417641901735,0.4617193937301636,1.7003836631774902,0.5,1.8633002696333278e-07,92.67558288574219,92.67558288574219
8,11,-0.24727606773376465,0.014285043373118405,0.05854596197605133,1.852739930152893,0.5,6.329195230136975e-07,-92.92391967773438,-92.92391967773438
8,12,0.021258346736431122,0.01463370854128404,0.21749702095985413,1.4874621629714966,0.5,1.6653274315103772e-06,2.0115394592285156,2.0115396976470947
8,13,-0.03816448152065277,0.011993799038187198,0.13191933929920197,1.4002792835235596,0.5,3.5414257126831217e-07,10.1795654296875,10.1795654296875
8,14,-0.12384004145860672,0.005202107013347495,0.12527261674404144,1.6637088060379028,0.5,9.167808343590877e-07,-34.48539733886719,-34.48539733886719
8,15,-0.11023785918951035,-0.0005698912967954028,0.09659314155578613,1.5227699279785156,0.5,2.494612090231385e-06,-41.23999786376953,-41.23999786376953
8,16,0.10836689174175262,0.004876947855132003,0.37009933590888977,1.7057750225067139,0.5,1.5966035107339849e-06,70.50567626953125,70.50567626953125
8,17,-0.11809683591127396,-0.0012717413331882997,0.09330819547176361,1.538016676902771,0.5,2.692579528229544e-06,-33.987056732177734,-33.987056732177734
8,18,-0.12658196687698364,-0.007537252610378072,0.16391076147556305,1.8016422986984253,0.5,4.027860541100381e-06,-27.269947052001953,-27.269947052001953
8,19,-0.5157603025436401,-0.032948405107041195,-0.31767919659614563,1.4936037063598633,0.5,3.4579575185489375e-06,-148.39682006835938,-148.39682006835938
8,20,0.4164801836013794,-0.010476975671620144,0.6296563744544983,1.5439205169677734,0.5,2.4857113203324843e-06,215.8697967529297,215.8697967529297
8,21,-0.08544625341892242,-0.014225439558985262,0.13153083622455597,1.5565903186798096,0.5,6.419341502805764e-07,-23.612266540527344,-23.612266540527344
8,22,0.26988649368286133,-1.984289689291839e-05,0.5129083395004272,1.6434060335159302,0.5,1.8939134633910726e-06,135.5137176513672,135.5137176513672
8,23,0.1719752550125122,0.008579911998577347,0.4019639492034912,1.5999622344970703,0.5,6.201715223141946e-06,93.30757141113281,93.30757141113281
8,24,0.014701053500175476,0.008885969073657253,0.32208865880966187,1.8579585552215576,0.5,1.5144973986025434e-06,23.711162567138672,23.711162567138672
8,25,0.25920867919921875,0.02140210457993534,0.5698797702789307,1.868903636932373,0.5,1.131189151237777e-06,121.34400939941406,121.34400939941406
8,26,-0.05878129601478577,0.01739293455019928,0.14954039454460144,1.5277388095855713,0.5,5.029925432609161e-06,-14.258363723754883,-14.258362770080566
8,27,0.20381034910678864,0.02671380527802876,0.41459786891937256,1.5359586477279663,0.5,2.3912375581858214e-06,116.24797821044922,116.24797821044922
8,28,0.07338212430477142,0.029047221229365896,0.3407004177570343,1.7243942022323608,0.5,2.7570001748244977e-06,42.17314147949219,42.17314147949219
8,29,-0.19508127868175507,0.01784079623380984,0.03776353970170021,1.609482765197754,0.5,4.417709533299785e-06,-96.04097747802734,-96.04097747802734
9,0,0.25427064299583435,0.012713532149791729,0.6233665347099304,2.063652753829956,0.5,0.0,91.68174743652344,91.68174743652344
9,1,0.39296019077301025,0.031725865080952674,0.6313546299934387,1.6279815435409546,0.5,6.4338689931275894e-09,159.22422790527344,159.22422790527344
9,2,0.7109494805335999,0.06568704585358506,0.8565317392349243,1.3186073303222656,0.5,7.94604630982576e-08,250.90367126464844,250.90367126464844
9,3,-0.158468097448349,0.05447928868848835,0.11259020119905472,1.736860990524292,0.5,2.9754670549664297e-07,-53.342689514160156,-53.342689514160156
9,4,0.2142602503299713,0.0624683367705625,0.4205583333969116,1.5209935903549194,0.5,1.0736739142203078e-07,97.42546844482422,97.42546844482422
9,5,0.1695529669523239,0.06782256827965058,0.3550771474838257,1.4517470598220825,0.5,4.026964575132297e-07,76.77046203613281,76.77046203613281
9,6,0.3137843906879425,0.08012065940006519,0.58286452293396,1.7302672863006592,0.5,5.328314500729903e-07,86.72288513183594,86.72288513183594
9,7,0.08828402310609818,0.08052882758536684,0.30810829997062683,1.5660806894302368,0.5,1.2253804015927017e-06,14.121307373046875,14.121307373046875
9,8,0.03434821963310242,0.07821979718775361,0.28207138180732727,1.6590771675109863,0.5,1.2246714504726697e-06,-4.300531387329102,-4.300531387329102
9,9,0.4759259819984436,0.09810510642828812,0.7442406415939331,1.7277154922485352,0.5,4.0723105598772236e-07,155.0659637451172,155.0659637451172
9,10,0.4042002856731415,0.11340986539053081,0.635624885559082,1.6047483682632446,0.5,1.01778528005525e-06,121.53732299804688,121.53732299804688
9,11,0.4860025644302368,0.13203950034251613,0.8351426124572754,1.9971333742141724,0.5,5.542541998693196e-07,137.93434143066406,137.93434143066406
9,12,0.6177934408187866,0.1563271973663297,0.8681042194366455,1.667702317237854,0.5,1.280849460272293e-06,186.37054443359375,186.37054443359375
9,13,0.40453067421913147,0.16873737120896978,0.6684837937355042,1.713176965713501,0.5,1.924844582390506e-06,86.90035247802734,86.90035247802734
9,14,0.3451294004917145,0.17755697267310702,0.6417610049247742,1.8221051692962646,0.5,2.2696003725286573e-06,67.6591796875,67.6591796875
9,15,0.3478677272796631,0.1860725104034348,0.45540907979011536,1.19180428981781,0.5,1.0660683074092958e-05,60.65652847290039,60.65652847290039
9,16,0.4956115782260895,0.20154946379456756,0.7243138551712036,1.5956741571426392,0.5,4.0941504266811535e-06,108.61573791503906,108.61573791503906
9,17,-0.04595368355512619,0.18917430642708288,0.19273611903190613,1.6289658546447754,0.5,7.290097073564539e-06,-71.8631591796875,-71.8631591796875
9,18,0.09633021801710129,0.18453210200658382,0.3722752034664154,1.7531499862670898,0.5,3.241164449718781e-06,-26.02161407470703,-26.02161407470703
9,19,0.27369943261146545,0.1889904685368279,0.4989454746246338,1.584153413772583,0.5,7.37806021788856e-06,37.8562126159668,37.8562126159668
9,20,0.648464560508728,0.21196417313542293,0.9591089487075806,1.868814468383789,0.5,2.290646762048709e-06,173.81924438476562,173.81924438476562
9,21,0.36725568771362305,0.21972874886433294,0.6406662464141846,1.744701623916626,0.5,7.470607670256868e-06,50.7769889831543,50.7769889831543
9,22,0.5637950897216797,0.2369320659072003,0.7406934499740601,1.4229943752288818,0.5,5.512798452400602e-06,137.19444274902344,137.19444274902344
9,23,0.25458383560180664,0.23781465439193064,0.43446800112724304,1.432947039604187,0.5,1.0706668945204001e-05,35.02533721923828,35.02533721923828
9,24,0.0018516816198825836,0.22601650575332824,0.23535721004009247,1.6116849184036255,0.5,7.182120498328004e-06,-83.39280700683594,-83.39280700683594
9,25,0.25063663721084595,0.2272475123262041,0.4884648025035858,1.6260937452316284,0.5,4.488944796321448e-06,30.69437026977539,30.69437026977539
9,26,0.12635011970996857,0.22220264269539233,0.40230998396873474,1.7531994581222534,0.5,1.1249767339904793e-05,-19.00198745727539,-19.001985549926758
9,27,0.1523703932762146,0.21871103022443344,0.40572094917297363,1.6778353452682495,0.5,6.709027729812078e-06,-0.8049545288085938,-0.8049538731575012
9,28,0.40847519040107727,0.22819923823326563,0.6261013746261597,1.5587540864944458,0.5,1.2400317245919723e-05,78.22805786132812,78.22805786132812
9,29,0.16782334446907043,0.22518044354505587,0.34282365441322327,1.4166673421859741,0.5,1.592527041793801e-05,-10.138669967651367,-10.138668060302734
10,0,0.18606358766555786,0.0093031793832779,0.48088669776916504,1.8160769939422607,0.5,0.0,66.44526672363281,66.44526672363281
10,1,0.22748205065727234,0.020212122946977634,0.44343996047973633,1.5531928539276123,0.5,6.311219991061989e-09,84.00299835205078,84.00299835205078
10,2,0.18077227473258972,0.028240130536258245,0.42016682028770447,1.631314992904663,0.5,3.9896882242373977e-08,57.58702850341797,57.58702850341797
10,3,0.23088538646697998,0.03837239333279434,0.4739796221256256,1.6436474323272705,0.5,5.646292322580848e-08,63.151283264160156,63.151283264160156
10,4,-0.14669260382652283,0.029119143474828472,0.1747201532125473,1.9047093391418457,0.5,8.791010941422428e-08,-74.91032409667969,-74.91032409667969
10,5,0.11932159215211868,0.03362926590869299,0.3315969705581665,1.5409178733825684,0.5,1.2521653047770087e-07,46.312538146972656,46.312538146972656
10,6,-0.13264434039592743,0.02531558559346196,0.14885792136192322,1.7716741561889648,0.5,2.417053224235133e-07,-78.05216217041016,-78.05216217041016
10,7,0.30197131633758545,0.03914837213066815,0.5525678396224976,1.6686547994613647,0.5,3.2554513040849997e-07,98.21173858642578,98.21173858642578
10,8,0.02145420014858246,0.038263663531563866,0.29281359910964966,1.7378644943237305,0.5,4.591986737523257e-07,-13.814952850341797,-13.814952850341797
10,9,-0.0776224434375763,0.03246935818310685,0.1940522938966751,1.7389156818389893,0.5,3.3861027759485296e-07,-49.2025260925293,-49.2025260925293
10,10,-0.5667873024940491,0.002506525149249029,-0.30690884590148926,1.6995948553085327,0.5,3.912686850071623e-07,-221.89366149902344,-221.89366149902344
10,11,-0.13109219074249268,-0.004173410645338061,0.1163778007030487,1.6582331657409668,0.5,5.97239022681606e-07,-69.70864868164062,-69.70864868164062
10,12,-0.29724788665771484,-0.018827134445956913,-0.02326372265815735,1.7466137409210205,0.5,7.823763894521107e-07,-101.80458068847656,-101.80458068847656
10,13,0.05800667405128479,-0.014985444021094823,0.3207813501358032,1.7092489004135132,0.5,2.090392712261746e-07,51.716163635253906,51.716163635253906
10,14,-0.30043086409568787,-0.029257715024824486,-0.004131171852350235,1.820999026298523,0.5,4.142057434819435e-07,-105.95341491699219,-105.95341491699219
10,15,0.19204789400100708,-0.018192434573532895,0.4615184962749481,1.731568455696106,0.5,2.976106543428614e-07,93.20944213867188,93.20944213867188
10,16,0.06326304376125336,-0.014119660656793579,0.32834845781326294,1.7169511318206787,0.5,3.7696611343562836e-07,34.061805725097656,34.061805725097656
10,17,-0.3214520215988159,-0.02948627870389471,-0.057836614549160004,1.712051272392273,0.5,1.7116732919930655e-07,-134.65440368652344,-134.65440368652344
10,18,-0.33604854345321655,-0.04481439194136082,0.06430616229772568,2.167849063873291,0.5,1.269849349228025e-06,-114.06037902832031,-114.06037902832031
10,19,-0.3305327296257019,-0.05910030882557789,-0.05848110839724541,1.740172028541565,0.5,1.808167894523649e-06,-111.96356201171875,-111.96356201171875
10,20,0.13664881885051727,-0.04931285244177312,0.36220407485961914,1.585184097290039,0.5,1.0162274293179507e-06,69.47338104248047,69.47338104248047
10,21,0.06253480911254883,-0.043720469364057025,0.34440457820892334,1.7728991508483887,0.5,6.465852493420243e-07,36.19501876831055,36.19501876831055
10,22,-0.20470046997070312,-0.05176946939438934,0.15328209102153778,2.026608467102051,0.5,8.447931350019644e-07,-73.38894653320312,-73.38894653320312
10,23,0.2053173929452896,-0.03891512627740538,0.44219425320625305,1.6229228973388672,0.5,8.321321161020023e-07,101.4192886352539,101.4192886352539
10,24,-0.403049111366272,-0.057121825531848726,-0.10301884263753891,1.8334343433380127,0.5,2.235173951703473e-06,-155.26986694335938,-155.26986694335938
10,25,-0.16914108395576477,-0.06272278845304453,0.12447400391101837,1.8120501041412354,0.5,1.1020498504876741e-06,-44.678611755371094,-44.678611755371094
10,26,-0.26785433292388916,-0.07297936567658678,0.08519241958856583,2.0101559162139893,0.5,6.77950708904973e-07,-86.23936462402344,-86.23936462402344
10,27,0.10429691523313522,-0.06411555163110068,0.412770539522171,1.8615787029266357,0.5,9.205286346514185e-07,74.10650634765625,74.10650634765625
10,28,-0.15329666435718536,-0.06857460726740491,0.10071541368961334,1.6800401210784912,0.5,1.2616468438864104e-06,-43.639469146728516,-43.639469146728516
10,29,0.014802500605583191,-0.0644057518737555,0.2399626076221466,1.5838669538497925,0.5,2.285058599227341e-06,39.27199935913086,39.27199935913086
11,0,0.289610356092453,0.014480517804622664,0.4439016878604889,1.34763765335083,0.5,0.0,104.08209991455078,104.08209991455078
11,1,-0.0020813941955566406,0.013652422204613698,0.15072205662727356,1.342678189277649,0.5,6.320066692211412e-09,14.06827163696289,14.06827163696289
11,2,-0.08410648256540298,0.00876447696611286,0.08830150216817856,1.4080264568328857,0.5,2.4490663719234362e-08,-32.23784637451172,-32.23784637451172
11,3,-0.39299485087394714,-0.011323489425890157,-0.08922627568244934,1.8458949327468872,0.5,1.690707840396044e-08,-117.44358825683594,-117.44358825683594
11,4,0.0620427168905735,-0.007655179110066972,0.2637415826320648,1.5056629180908203,0.5,1.0485968005014001e-07,51.78795623779297,51.78795623779297
11,5,0.19211061298847198,0.002333110494859985,0.4972798228263855,1.850563883781433,0.5,3.6812082271353574e-08,76.98725891113281,76.98725891113281
11,6,-0.10323210060596466,-0.002945150060181252,0.16520161926746368,1.7281124591827393,0.5,6.028540155966766e-08,-12.996143341064453,-12.996143341064453
11,7,0.3569042682647705,0.015047320856066353,0.6793468594551086,1.908141851425171,0.5,7.928146317226492e-08,123.3399429321289,123.3399429321289
11,8,-0.26842793822288513,0.0008735579021187656,-0.11473779380321503,1.345633625984192,0.5,9.369443887408124e-08,-67.27489471435547,-67.27489471435547
11,9,0.010113365948200226,0.0013355483044228391,0.4434802532196045,2.2778894901275635,0.5,2.6816064746526536e-07,-5.671745300292969,-5.671745300292969
11,10,-0.3891133666038513,-0.018186897440990887,-0.053484879434108734,1.9520949125289917,0.5,1.5169914036050614e-07,-112.04986572265625,-112.04986572265625
11,11,0.07438395917415619,-0.013558354610233527,0.3311239182949066,1.6891330480575562,0.5,3.6758510191248206e-07,25.176424026489258,25.176424026489258
11,12,0.15815120935440063,-0.0049728764120018105,0.33748114109039307,1.431099772453308,0.5,3.468423415142752e-07,58.012123107910156,58.012123107910156
11,13,0.03678887337446213,-0.0028847889226786116,0.25804686546325684,1.5708599090576172,0.5,2.4061745307335514e-07,21.463092803955078,21.463092803955078
11,14,-0.19570495188236237,-0.012525797070662807,-0.004295114427804947,1.471366047859192,0.5,2.6449995971233875e-07,-43.8447380065918,-43.8447380065918
11,15,0.15416112542152405,-0.004191450946053458,0.4198625981807709,1.7190048694610596,0.5,2.187567247347033e-07,68.67768096923828,68.67768096923828
11,16,-0.46706604957580566,-0.02733518087754109,0.10016009211540222,2.7240869998931885,0.5,4.028840692171798e-07,-178.8697509765625,-178.8697509765625
11,17,0.3047872483730316,-0.010729059415012438,0.5183674097061157,1.545267105102539,0.5,6.002179020470066e-07,134.71653747558594,134.71653747558594
11,18,-0.36768144369125366,-0.028576678628824514,-0.15585923194885254,1.5394071340560913,0.5,3.771826584397786e-07,-107.24998474121094,-107.24998474121094
11,19,0.08391700685024261,-0.022951994354871153,0.3667181730270386,1.7760037183761597,0.5,6.799768357268476e-07,53.677093505859375,53.677093505859375
11,20,-0.1547236293554306,-0.02954057610489913,0.16876304149627686,1.911622166633606,0.5,2.848240683306358e-07,-23.65390968322754,-23.65390968322754
11,21,-0.23645958304405212,-0.03988652645185679,-0.07950849831104279,1.3565036058425903,0.5,1.0669391485862434e-06,-45.79894256591797,-45.79894256591797
11,22,0.048092521727085114,-0.03548757404290969,0.2661149501800537,1.5600745677947998,0.5,1.39489452521957e-06,58.79888916015625,58.79888916015625
11,23,-0.1893148124217987,-0.04317893596185415,0.21621277928352356,2.185091733932495,0.5,1.9487324607325718e-06,-36.98096466064453,-36.98096466064453
11,24,0.08971197158098221,-0.03653439058471232,0.23062504827976227,1.3030436038970947,0.5,1.7619315713091055e-06,75.54548645019531,75.54548645019531
11,25,-0.36621183156967163,-0.0530182626339603,-0.17259852588176727,1.4787110090255737,0.5,2.3926304493215866e-06,-62.13383865356445,-62.13383865356445
11,26,-0.17153917253017426,-0.058944308128771,-0.004835840314626694,1.389011025428772,0.5,1.0273249699821463e-06,-37.98578643798828,-37.98578643798828
11,27,-0.12038633972406387,-0.06201640970853565,0.14877061545848846,1.7305232286453247,0.5,9.453037819184829e-07,-23.241029739379883,-23.241029739379883
11,28,0.2206554114818573,-0.04788281864901599,0.3604993224143982,1.299479603767395,0.5,1.6242576066360925e-06,102.62078857421875,102.62078857421875
11,29,-0.31100451946258545,-0.061038903689694474,-0.09449445456266403,1.555033564567566,0.5,9.45709246025217e-07,-66.32154083251953,-66.32154083251953
12,0,0.42426377534866333,0.021213188767433184,0.647942841053009,1.5789302587509155,0.5,0.0,175.4918975830078,175.4918975830078
12,1,0.15330752730369568,0.027817905694246314,0.44863244891166687,1.8177496194839478,0.5,3.1604919570327183e-08,57.88834762573242,57.88834762573242
12,2,0.12586930394172668,0.032720475606620336,0.23951956629753113,1.212167501449585,0.5,1.5325360891438322e-07,45.94002914428711,45.94002914428711
12,3,0.5319744348526001,0.057683173568919346,0.6464290618896484,1.214848518371582,0.5,5.606148079095874e-07,178.43408203125,178.43408203125
12,4,-0.16270232200622559,0.04666389879016209,0.01181996613740921,1.4150742292404175,0.5,4.681425878061418e-07,-31.91754722595215,-31.91754722595215
12,5,0.09900513291358948,0.04928096049633346,0.1735551506280899,1.0818332433700562,0.5,1.3509368272934807e-06,33.96452331542969,33.96452331542969
12,6,0.37741804122924805,0.0656878145329792,0.6450183987617493,1.7253344058990479,0.5,2.45310019408862e-07,143.9687042236328,143.9687042236328
12,7,-0.517418384552002,0.03653250457873011,-0.3059684634208679,1.5381664037704468,0.5,1.5405026942971745e-06,-195.29837036132812,-195.29837036132812
12,8,-0.09562162309885025,0.02992479819485109,0.14307692646980286,1.6289952993392944,0.5,1.29509749058343e-06,-32.06271743774414,-32.06271743774414
12,9,0.14325563609600067,0.03559134008990857,0.27613991498947144,1.2762808799743652,0.5,2.6448369681020267e-06,44.68495178222656,44.68495178222656
12,10,0.1634605973958969,0.041984802955208,0.42461270093917847,1.7038404941558838,0.5,2.0691009012807626e-06,35.67469787597656,35.67469787597656
12,11,0.1729898750782013,0.04853505656135767,0.32152456045150757,1.32844877243042,0.5,1.7666455960352323e-06,69.0554428100586,69.0554428100586
12,12,0.042436495423316956,0.048230128504455634,0.20047329366207123,1.360122561454773,0.5,3.9264878068934195e-06,18.968172073364258,18.968172073364258
12,13,-0.4009036123752594,0.025773441460469865,-0.16474369168281555,1.6205331087112427,0.5,1.9082947346760193e-06,-158.6698455810547,-158.6698455810547
12,14,-0.0039597004652023315,0.024286784364186253,0.2249254584312439,1.5962837934494019,0.5,6.130833298811922e-06,-12.686695098876953,-12.686694145202637
12,15,0.0867852047085762,0.027411705381405752,0.38619810342788696,1.8313761949539185,0.5,2.4575358565925853e-06,38.854026794433594,38.854026794433594
12,16,-0.4150925278663635,0.005286493719017269,-0.07769113779067993,1.9580047130584717,0.5,2.9611655918415636e-06,-145.3419189453125,-145.3419189453125
12,17,0.4328903555870056,0.026666686812416705,0.4963779151439667,1.044958472251892,0.5,2.2430944227380678e-05,170.44378662109375,170.44378662109375
12,18,0.4689403772354126,0.048780371333566525,0.5374583601951599,1.0617268085479736,0.5,1.2830045307055116e-05,191.7213592529297,191.7213592529297
12,19,0.3939061760902405,0.06603666157140023,0.51945960521698,1.251845121383667,0.5,6.670873972325353e-06,134.82513427734375,134.82513427734375
12,20,0.4665173590183258,0.08606069644374653,0.6153324246406555,1.3293836116790771,0.5,1.2868005796917714e-05,166.7786102294922,166.7786102294922
12,21,0.20733582973480225,0.09212445310829932,0.2919326424598694,1.1153227090835571,0.5,2.0132491044932976e-05,64.34209442138672,64.34209442138672
12,22,0.11890669167041779,0.09346356503640525,0.4537068009376526,1.949333667755127,0.5,1.2662149856623728e-05,13.8333740234375,13.833374977111816
12,23,0.36511197686195374,0.10704598562768268,0.6174798011779785,1.6745595932006836,0.5,5.402792339737061e-06,126.20755767822266,126.20755767822266
12,24,0.3539069592952728,0.1193890343110622,0.5945132970809937,1.6353543996810913,0.5,9.223944289260544e-06,109.23353576660156,109.23353576660156
12,25,0.38134607672691345,0.13248688643185477,0.5614009499549866,1.433516263961792,0.5,1.7984975784202106e-05,103.98916625976562,103.98916625976562
12,26,-0.10898949205875397,0.1204130675073243,0.09192760288715363,1.5030570030212402,0.5,6.701463462377433e-06,-40.12269973754883,-40.12269973754883
12,27,0.1351568102836609,0.12115025464614113,0.31504324078559875,1.4329547882080078,0.5,2.1714648028137162e-05,11.721931457519531,11.721933364868164
12,28,0.42378243803977966,0.13628186381582308,0.4897112250328064,1.0530956983566284,0.5,3.1678733648732305e-05,126.92330932617188,126.92330932617188
12,29,0.15441876649856567,0.13718870894996021,0.2994083762168884,1.3166320323944092,0.5,2.840314482455142e-05,42.232643127441406,42.23264694213867
